Track URI,Track Name,Album Name,Artist Name(s),Release Date,Duration (ms),Popularity,Explicit,Added By,Added At,Genres,Record Label,Danceability,Energy,Key,Loudness,Mode,Speechiness,Acousticness,Instrumentalness,Liveness,Valence,Tempo,Time Signature
spotify:track:5OwANLy1jT7KZTVM6JrawG,Stomp,We Are Barely Alive,BARELY ALIVE,2015-10-26,176727,0,FALSE,312gz2r7n2lelghlsheflimsl64e,2023-06-26T10:29:01Z,"덥스텝,리딤,데스스텝,베이스 음악,덥,드럼스텝",Disciple,0.727,0.932,1,-0.792,1,0.225,0.00318,0.00836,0.264,0.709,110.099,4
spotify:track:317KO2y39CAzDjpP8djR0k,CAKE SHAKE,DIABOLICAL,Oski,2022-06-03,156000,27,FALSE,312gz2r7n2lelghlsheflimsl64e,2023-06-26T10:30:04Z,"덥스텝,리딤,edm 트랩,베이스 음악",Deadbeats,0.652,0.969,1,0.074,1,0.333,0.00211,0.00252,0.337,0.361,89.914,4
spotify:track:2gahSUGM2ddz48vXK58fHt,Creep Killa,Creep Killa,SampliFire;Nika D,2022-09-23,226299,11,FALSE,312gz2r7n2lelghlsheflimsl64e,2023-06-26T10:30:17Z,"리딤,덥스텝,데스스텝,베이스 음악,베이스라인",Disciple Round Table,0.724,0.969,10,-0.374,0,0.32,0.0164,0.0000181,0.0927,0.315,70.005,4
spotify:track:7DHX1Ng0V186U2idfFfjGi,"Burial (feat. Pusha T, Moody Good, TrollPhace)","Burial (feat. Pusha T, Moody Good, TrollPhace)",Yogi;Skrillex;Pusha T;Moody Good;Trollphace,2015-07-06,226849,49,TRUE,312gz2r7n2lelghlsheflimsl64e,2023-06-26T10:30:22Z,"덥스텝,EDM,일렉트로,일렉트로닉,리딤,베이스 음악,데스스텝,덥",OWSLA,0.689,0.935,2,-4.449,1,0.167,0.019,0.000299,0.24,0.391,145.984,4
spotify:track:70MZYU36nsZaiJtzoMjmLm,$lay (feat. A$AP Ferg),Meekend Mu$ic,Meek Mill;A$AP Ferg,2017-05-06,221704,29,TRUE,312gz2r7n2lelghlsheflimsl64e,2023-06-26T10:30:26Z,랩,MMG/Atlantic,0.723,0.751,5,-4.045,1,0.17,0.312,0,0.333,0.217,130.075,4
spotify:track:5RD6iZpOFkVuT3SW4eAHuZ,Badman,Badman,Ganja White Night;LSDREAM,2022-06-03,273333,34,FALSE,312gz2r7n2lelghlsheflimsl64e,2023-06-26T10:30:37Z,"덥스텝,리딤,베이스 음악,EDM,덥",SubCarbon,0.702,0.953,1,-1.924,1,0.0393,0.00168,0.436,0.25,0.542,90.012,4
spotify:track:5BEUYbsFxo0H5MfdtTbnCs,Exterminate,Ghost Planet EP,ATLiens;Hairitage,2019-07-24,171000,0,FALSE,312gz2r7n2lelghlsheflimsl64e,2023-06-26T10:30:41Z,"리딤,덥스텝,데스스텝,베이스 음악,EDM",Bassrush Records,0.551,0.924,9,-3.233,1,0.593,0.0328,0.0522,0.844,0.291,149.996,4
spotify:track:2QC2PTvF3yONXlvih301aR,Rumor,Rumor,Moore Kismet;WYN,2021-02-12,278808,0,FALSE,312gz2r7n2lelghlsheflimsl64e,2023-06-26T10:30:46Z,"덥스텝,퓨처 베이스,베이스 음악,멜로딕 베이스","Thrive Music, LLC",0.633,0.644,10,-4.579,0,0.113,0.191,0.000762,0.137,0.48,127.95,4
spotify:track:3iDtphWASBHIjVEB8lWBqs,Cheatcode,Cheatcode,Black Tiger Sex Machine;Hairitage;Hyro The Hero,2021-12-03,187000,38,TRUE,312gz2r7n2lelghlsheflimsl64e,2023-07-02T20:54:25Z,"덥스텝,리딤,데스스텝,EDM,베이스 음악,랩 메탈,랩 록",Kannibalen Records,0.467,0.934,2,-2.253,1,0.0588,0.00561,0.00186,0.107,0.135,149.967,4
spotify:track:1eG6ogBMDCT36ciEocKV8V,Seduce / Destroy,Seduce / Destroy,Lucille Croft,2022-02-17,182857,32,FALSE,312gz2r7n2lelghlsheflimsl64e,2023-07-02T20:54:32Z,,This Is Bad Wolf,0.625,0.808,8,-3.321,1,0.0333,0.000478,0.28,0.163,0.27,105.005,4
spotify:track:5YvYKEQEYJp4orh4z3Dnpk,Sacrificial,Sacrificial,Rezz;PVRIS,2021-02-05,182000,43,FALSE,312gz2r7n2lelghlsheflimsl64e,2023-07-02T20:54:39Z,"EDM,덥스텝",Rezz Music/RCA Records,0.552,0.564,7,-5.941,1,0.0415,0.0686,0.0131,0.34,0.321,164.952,4
spotify:track:1U9bGQJ1od9iVZ9RKL58fb,Falling For You,Falling For You,Slippy;Ace Aura,2021-12-10,248275,27,FALSE,312gz2r7n2lelghlsheflimsl64e,2023-07-02T20:54:46Z,"덥스텝,퓨처 베이스,리딤,베이스 음악,멜로딕 베이스,데스스텝",Bassrush Records,0.372,0.962,4,-3.882,0,0.162,0.00618,0.00326,0.324,0.0744,144.581,4
spotify:track:7wRzUAw0Npu4CalkDIFHJE,Astro Funk,Astro Funk,GRiZ,2021-05-14,195200,0,FALSE,312gz2r7n2lelghlsheflimsl64e,2023-07-02T20:54:52Z,"덥스텝,EDM",GRiZ,0.649,0.918,8,-2.285,0,0.17,0.000592,0.012,0.138,0.671,149.8,4
spotify:track:2XH2w3lHRhbZ9D5lUjVVRC,LED,Corrupted,OmenXIII,2017-12-28,134452,0,TRUE,312gz2r7n2lelghlsheflimsl64e,2023-07-06T21:51:10Z,"트랩 메탈,호러코어,Emo 랩,클라우드 랩",_Blnk,0.659,0.659,2,-6.623,1,0.297,0.0906,0,0.348,0.611,200.158,3
spotify:track:76peqTD79xDzySA3SyWzs5,REDLIGHT - VIP,REDLIGHT (VIP),NGHTMRE;A$AP Ferg,2019-04-10,199118,0,TRUE,312gz2r7n2lelghlsheflimsl64e,2023-07-06T21:51:20Z,"덥스텝,EDM,edm 트랩,퓨처 베이스,랩",Ultra Records,0.599,0.97,6,-4.435,0,0.361,0.0171,0.0000447,0.72,0.0715,130.108,4
spotify:track:4Iz3e22hTN8B2koCpPuoUD,MEGAZORD,Bangers[7].Zip,GRiZ;ProbCause;Chrishira Perrier,2022-11-11,163764,0,FALSE,312gz2r7n2lelghlsheflimsl64e,2023-07-06T21:51:40Z,"덥스텝,EDM",GRiZ,0.537,0.995,11,0.109,1,0.449,0.293,0.000115,0.394,0.431,170.177,4
spotify:track:6uwjDA0Qi6hk8C6lPJIMc9,Gassed Up,Gassed Up,Zeds Dead;Subtronics;Flowdan,2022-01-06,238285,49,TRUE,312gz2r7n2lelghlsheflimsl64e,2023-07-06T22:05:25Z,"덥스텝,EDM,리딤,데스스텝,베이스 음악,덥,드럼 앤 베이스,그라임,영국 개러지",Deadbeats,0.643,0.985,4,-1.848,0,0.41,0.0152,0.000965,0.311,0.182,140.029,4
spotify:track:0Mcts4Xh4FKZXOIy9tAjbA,PEACE LOVE & WUBZ,PEACE LOVE & WUBZ,LSDREAM;Cojaxx,2021-09-24,240000,46,FALSE,312gz2r7n2lelghlsheflimsl64e,2024-04-20T03:22:02Z,"덥스텝,베이스 음악,EDM",WAKAAN,0.659,0.802,8,-3.597,0,0.0518,0.0018,0.00308,0.101,0.371,90.01,4
spotify:track:1yX6sh2TkrT5hsXodo7aS6,Astronaut In The Ocean - Alok Remix,Astronaut In The Ocean (Alok Remix),Masked Wolf;Alok,2021-04-30,128372,66,TRUE,312gz2r7n2lelghlsheflimsl64e,2024-04-20T03:22:02Z,"브라질 베이스,일렉트로닉,슬랩 하우스,일렉트로 하우스",Elektra (NEK),0.53,0.82,4,-4.936,0,0.0438,0.154,0.00000271,0.14,0.355,171.933,4
spotify:track:4rhooL7Cj0YkvIC4wGL7Jo,Color Of Your Soul,Color Of Your Soul,GRiZ;CloZee,2022-02-04,202285,52,FALSE,312gz2r7n2lelghlsheflimsl64e,2024-04-20T03:23:46Z,"덥스텝,EDM",Odyzey Music,0.486,0.964,9,-3.615,1,0.0548,0.00147,0.0628,0.101,0.177,139.958,4
spotify:track:43HrWjjYGP8kXqjThk618V,Don't Look Back,Don't Look Back,Kill The Noise;MOELLE,2021-12-15,238400,0,FALSE,312gz2r7n2lelghlsheflimsl64e,2024-04-20T03:23:56Z,"덥스텝,멜로딕 베이스,EDM",Ophelia,0.494,0.964,3,-2.346,1,0.0819,0.0354,0.0121,0.175,0.27,149.973,4
spotify:track:1dayiIC3odxNLViFQ7Iq4W,COUNTRY RIDDIM,COUNTRY RIDDIM,HOL!,2022-08-05,177931,43,FALSE,312gz2r7n2lelghlsheflimsl64e,2025-02-14T21:59:38Z,"리딤,덥스텝,데스스텝,베이스 음악",HOL!,0.702,0.926,2,-0.66,1,0.148,0.00069,0.168,0.0754,0.18,145.146,4
spotify:track:5EhnuLMer8qAXEDwmLtyrW,Puzzle Box,Puzzle Box,Rezz;Subtronics,2022-03-04,212210,54,FALSE,312gz2r7n2lelghlsheflimsl64e,2025-02-14T21:59:38Z,"EDM,덥스텝,리딤,데스스텝,베이스 음악,덥",Deadbeats,0.696,0.488,1,-7.508,1,0.0403,0.196,0.836,0.2,0.202,95.064,4
spotify:track:3jMeoTAxDrZfkVxMmWcWCg,Light of Mine,Light of Mine,WHIPPED CREAM;Jimorrow,2021-10-21,150250,46,FALSE,312gz2r7n2lelghlsheflimsl64e,2025-02-14T21:59:38Z,,Monstercat,0.56,0.973,4,-2.389,1,0.086,0.000529,0.53,0.155,0.0749,159.976,4
spotify:track:6JsidMhbuAQV5QPBEibouw,Black Ice,TESSERACT,Subtronics;Rezz,2024-02-16,260001,54,FALSE,312gz2r7n2lelghlsheflimsl64e,2025-02-14T21:59:38Z,"리딤,덥스텝,EDM,데스스텝,베이스 음악,덥",Cyclops Recordings,0.509,0.392,9,-5.58,1,0.0824,0.0185,0.196,0.332,0.191,146.955,4
spotify:track:0v1nobrUSVLIXrYaI4zwkw,STFU,STFU,Crankdat,2023-09-22,156521,51,TRUE,312gz2r7n2lelghlsheflimsl64e,2025-02-14T21:59:38Z,"덥스텝,리딤,EDM,데스스텝,베이스 하우스",CRANKDAT MUSIC,0.4,0.991,1,-2.075,1,0.0842,0.001,0.41,0.337,0.207,136.261,4
spotify:track:65k1IBYMYbs11LxaIT28g7,Gassed Up VIP,ANTIFRACTALS,Zeds Dead;Subtronics;Flowdan,2022-12-16,226285,45,FALSE,312gz2r7n2lelghlsheflimsl64e,2025-02-14T21:59:38Z,"덥스텝,EDM,리딤,데스스텝,베이스 음악,덥,드럼 앤 베이스,그라임,영국 개러지",Cyclops Recordings,0.752,0.98,4,-2.236,0,0.209,0.0325,0.000937,0.161,0.331,140.023,4
spotify:track:3Ge4joBTDMlsdDQ8qX7awX,Scared Of The Dark - Original Mix,Scared Of The Dark EP,LEVEL UP,2020-09-21,152571,41,FALSE,312gz2r7n2lelghlsheflimsl64e,2025-02-14T21:59:38Z,"덥스텝,리딤,데스스텝,EDM",GRVDNCR,0.833,0.814,9,-4.096,1,0.0395,0.0739,0.0308,0.116,0.106,140.046,4
spotify:track:3JhgPs7rbmzLBWRvHlel8U,Bad Memories,MEDUZA,MEDUZA;James Carter;Elley Duhé;FAST BOY,2023-10-13,147629,69,FALSE,312gz2r7n2lelghlsheflimsl64e,2025-02-14T21:59:38Z,,Universal-Island Records Ltd.,0.607,0.755,5,-6.069,0,0.0468,0.122,0,0.144,0.664,123.994,3
spotify:track:1VxQboO0KAsIm8MjSShBJv,Jungle Juice,Jungle Juice,Ganja White Night;Liquid Stranger,2019-09-10,274966,48,FALSE,312gz2r7n2lelghlsheflimsl64e,2025-02-14T21:59:38Z,"덥스텝,리딤,베이스 음악,EDM,덥,다운템포",SubCarbon x Wakaan,0.645,0.662,10,-5.899,0,0.0446,0.0208,0.227,0.109,0.231,72.533,4
spotify:track:0e4ZPqNyRUywth2AtjMH0K,Bigger Than Bad,Circus Four,Flux Pavilion;Jessica Audiffred;Doktor,2024-03-07,231724,0,FALSE,312gz2r7n2lelghlsheflimsl64e,2025-02-14T21:59:38Z,"덥스텝,EDM,덥,리딤,데스스텝,멜로딕 베이스,드럼 앤 베이스,정글",Circus Records,0.676,0.997,4,-1.653,1,0.212,0.0474,0.00102,0.297,0.341,145.108,4
spotify:track:0h2ZSu1j6YFsGj85eSyrI4,Ground Shake,Ground Shake,Crankdat;Bandlez,2022-10-07,185379,47,FALSE,312gz2r7n2lelghlsheflimsl64e,2025-02-14T21:59:38Z,"덥스텝,리딤,EDM,데스스텝,베이스 하우스,베이스 음악",Disciple,0.63,0.984,11,-2.187,1,0.0658,0.000666,0.00804,0.163,0.214,145.074,4
spotify:track:1PVLvmbbo4joXIgzGFKDsp,Badman,Unity,Ganja White Night;LSDREAM,2023-04-28,273333,42,FALSE,312gz2r7n2lelghlsheflimsl64e,2025-02-14T21:59:38Z,"덥스텝,리딤,베이스 음악,EDM,덥",SubCarbon,0.702,0.953,1,-1.924,1,0.0393,0.00168,0.436,0.25,0.542,90.012,4
spotify:track:38xfZGIHjdZnSfMuJu7R1Z,Conquer,Conquer,Marshmello;Space Laces,2024-02-23,181621,41,TRUE,312gz2r7n2lelghlsheflimsl64e,2025-02-14T21:59:38Z,"EDM,덥스텝,리딤,데스스텝,베이스 음악,베이스 하우스,덥",Joytime Collective,0.562,0.993,11,-0.093,1,0.232,0.000601,0.198,0.207,0.143,147.953,4
spotify:track:4ZlcezbAuIfO400BvhlvtD,SONG REQUEST,SONG REQUEST,Ray Volpe,2024-05-31,204923,51,TRUE,312gz2r7n2lelghlsheflimsl64e,2025-02-14T21:59:38Z,"덥스텝,리딤,데스스텝,멜로딕 베이스,베이스 음악,EDM",Ray Volpe,0.614,0.983,6,-2.133,0,0.0729,0.00235,0.327,0.69,0.266,130.018,4
spotify:track:47kEJq44ZBrRBD4gvdCu0v,Where You Are - GRiZ Remix,Where You Are (GRiZ Remix),John Summit;HAYLA;GRiZ,2023-06-02,240000,60,FALSE,312gz2r7n2lelghlsheflimsl64e,2025-02-14T21:59:38Z,"하우스,테크 하우스,덥스텝,EDM",Experts Only/Darkroom Records,0.349,0.793,9,-4.383,0,0.0474,0.0331,0.00000366,0.745,0.249,139.641,4
spotify:track:4DKxWLVkjGZoZtCPtDxIcH,Clockwork - Original Mix,String Theory EP,Subtronics,2020-10-09,231724,44,FALSE,312gz2r7n2lelghlsheflimsl64e,2025-02-14T21:59:38Z,"리딤,덥스텝,EDM,데스스텝,베이스 음악,덥",Cyclops Recordings,0.778,0.924,2,-1.108,1,0.0943,0.161,0.0275,0.0819,0.736,144.994,4
spotify:track:76I3PmbGZazzNlEwlp1y85,Lone Wolf,Lone Wolf,Zomboy,2018-11-16,256500,50,FALSE,312gz2r7n2lelghlsheflimsl64e,2025-02-14T21:59:38Z,"덥스텝,리딤,덥,데스스텝,드럼스텝,베이스 음악,EDM",Never Say Die Records,0.502,0.981,1,-1.573,1,0.0616,0.00177,0.4,0.154,0.208,150.013,4
spotify:track:7dtL3EKSsBkRmwVoJlep5j,Maniac,PEEKABOO - Maniac EP,PEEKABOO,2018-07-13,251586,38,FALSE,312gz2r7n2lelghlsheflimsl64e,2025-02-14T21:59:38Z,"덥스텝,베이스 음악,리딤",Wakaan,0.59,0.93,1,-4.386,1,0.0661,0.000367,0.653,0.0921,0.0821,145.004,4
spotify:track:6wXkFa3k8WL7pdwkfnLrVk,Crazies feat. Nate Husser,Welcome To Our Church,Black Tiger Sex Machine;Nate Husser,2016-01-29,200000,31,TRUE,312gz2r7n2lelghlsheflimsl64e,2025-02-14T21:59:38Z,"덥스텝,리딤,데스스텝,EDM",Kannibalen Records,0.662,0.911,0,-2.971,1,0.177,0.00942,0.000167,0.357,0.272,139.974,4
spotify:track:6DVZpwOZyjhPkL09b0mqtg,SAXORiDDiM,SAXORiDDiM,GRiZ,2023-06-23,188571,0,FALSE,312gz2r7n2lelghlsheflimsl64e,2025-02-14T21:59:38Z,"덥스텝,EDM",GRiZ,0.539,0.952,10,-1.764,0,0.215,0.0201,0.1,0.799,0.404,140.066,4
spotify:track:7KibjIxYJsdP9UGjjMUEn6,Libre,Heritage,Habstrakt;IMANU,2023-03-31,198582,36,FALSE,312gz2r7n2lelghlsheflimsl64e,2025-02-14T21:59:38Z,"베이스 하우스,G 하우스,덥스텝,베이스라인,드럼 앤 베이스,드럼스텝",Habstrakt,0.784,0.833,8,-3.542,1,0.0596,0.0357,0.0155,0.084,0.205,126.011,4
spotify:track:3dpdP07LDb0tMDkRePbLVT,Show Me,Show Me,Habstrakt,2020-04-24,174696,44,FALSE,312gz2r7n2lelghlsheflimsl64e,2025-02-14T21:59:38Z,"베이스 하우스,G 하우스,덥스텝,베이스라인",Insomniac Records,0.669,0.825,1,-4.551,1,0.247,0.0211,0.0934,0.648,0.349,127.967,4
spotify:track:30FcbSTH70yjxcKkvmx5Cc,MOVEMENT,BRULURE,HOL!;Marshmello,2024-08-30,192004,41,FALSE,312gz2r7n2lelghlsheflimsl64e,2025-02-14T21:59:38Z,"리딤,덥스텝,데스스텝,베이스 음악,EDM",HOL!,0.689,0.952,8,-0.141,0,0.0499,0.0128,0.0509,0.148,0.22,145.013,4
spotify:track:2ERXSwA2OOOurhDraYDT39,B.T.W. (The Whistle),Slaughter House,Crankdat,2023-04-14,240000,40,FALSE,312gz2r7n2lelghlsheflimsl64e,2025-02-14T21:59:38Z,"덥스텝,리딤,EDM,데스스텝,베이스 하우스",Monstercat,0.628,0.947,3,-2.748,0,0.0652,0.000605,0.0477,0.0687,0.261,128.033,4
spotify:track:2zNgByt8J160D4Rf9sB1G4,Supa Fly,Supa Fly,Boogie T;GRiZ,2019-07-04,192000,41,FALSE,312gz2r7n2lelghlsheflimsl64e,2025-02-14T21:59:38Z,"덥스텝,리딤,베이스 음악,EDM,덥",Drama Club Recordings,0.634,0.905,10,-4.088,0,0.0587,0.00056,0.474,0.182,0.52,144.991,4
spotify:track:4pRnMMMzvjj9uqMZa0YO7U,Ding Dong,Ding Dong,Crankdat,2022-06-23,177656,51,FALSE,312gz2r7n2lelghlsheflimsl64e,2025-02-14T21:59:38Z,"덥스텝,리딤,EDM,데스스텝,베이스 하우스",Monstercat,0.797,0.975,11,-3.442,1,0.0648,0.000212,0.812,0.093,0.434,128.035,4
spotify:track:02yaX0Reb1fQYIQdri4Ow8,Name Drop,Name Drop,Excision;Wooli,2022-08-12,228800,49,TRUE,312gz2r7n2lelghlsheflimsl64e,2025-02-14T21:59:38Z,"덥스텝,리딤,데스스텝,EDM,덥,멜로딕 베이스,베이스 음악,퓨처 베이스",Subsidia,0.319,0.983,1,-0.48,1,0.38,0.0079,0.00144,0.1,0.28,75.373,4
spotify:track:68Gszh9enogLwJUbTcjjWe,Wobble,Wobble,Crankdat;Tisoki,2018-09-27,188000,47,TRUE,312gz2r7n2lelghlsheflimsl64e,2025-02-14T21:59:38Z,"덥스텝,리딤,EDM,데스스텝,베이스 하우스,베이스 음악",Monstercat,0.623,0.985,1,-0.319,1,0.111,0.018,0.0973,0.354,0.561,150.01,4
spotify:track:7jU5s6Fa9cIeBcijha8lup,Woke Symphony,Woke Symphony,Capochino,2024-01-08,208941,39,FALSE,312gz2r7n2lelghlsheflimsl64e,2025-02-14T21:59:38Z,"덥스텝,리딤,베이스 음악",CAPO RECORDS,0.559,0.955,3,-2.243,0,0.0853,0.0154,0.529,0.218,0.744,169.963,4
spotify:track:1mH6LCjX9SiM6rJEEz8jz4,Sip On This,Sip On This,SIPPY,2024-06-14,200787,38,FALSE,312gz2r7n2lelghlsheflimsl64e,2025-02-14T21:59:38Z,"덥스텝,리딤,베이스 음악",Monstercat,0.753,0.72,11,-2.398,1,0.0337,0.00938,0.726,0.467,0.448,97.033,4
spotify:track:437V6pBF0GzAArc7DCfQzd,Tear It Down,Tear It Down,Riot Ten,2024-06-07,185379,26,FALSE,312gz2r7n2lelghlsheflimsl64e,2025-02-14T21:59:38Z,"덥스텝,리딤,데스스텝,EDM",Monstercat,0.575,0.952,1,-3.618,1,0.0496,0.00034,0.0307,0.132,0.409,145.006,4
spotify:track:74geScZgtEMlGbS264lrjD,Floot Loops,Floot Loops,Wooli;Cyclops,2024-06-19,181655,44,FALSE,312gz2r7n2lelghlsheflimsl64e,2025-02-14T21:59:38Z,"덥스텝,멜로딕 베이스,리딤,EDM,데스스텝,퓨처 베이스,베이스 음악",Wooli Music,0.694,0.97,6,0.076,0,0.0485,0.00348,0.0197,0.208,0.211,145.034,4
spotify:track:3AcT4pRaCvKj6sDW57sgIS,GAME OVER,GAME OVER,Ray Volpe,2024-09-27,198400,38,FALSE,312gz2r7n2lelghlsheflimsl64e,2025-02-14T21:59:38Z,"덥스텝,리딤,데스스텝,멜로딕 베이스,베이스 음악,EDM",Ray Volpe,0.542,0.991,10,-2.286,0,0.139,0.0000523,0.326,0.393,0.0404,150.056,4
spotify:track:0rFXKxt3D0wRH6AkBvDvVb,You Make Me Wanna,You Make Me Wanna,Capochino,2024-07-19,164666,38,FALSE,312gz2r7n2lelghlsheflimsl64e,2025-02-14T21:59:38Z,"덥스텝,리딤,베이스 음악",Kannibalen Records,0.687,0.944,2,-3.543,1,0.275,0.144,0.368,0.248,0.382,180.081,4
spotify:track:6bhRyUYwuVC5uddHVP3zb0,No Mercy,No Mercy,YDG,2024-04-11,179200,33,TRUE,312gz2r7n2lelghlsheflimsl64e,2025-02-14T21:59:38Z,"덥스텝,리딤",YDG,0.595,0.982,1,-1.204,1,0.0632,0.00141,0.134,0.366,0.293,149.936,4
spotify:track:2n7Z2jFpB7J12zrkYy7e7V,F*ck This Pit Up,F*ck This Pit Up,Bear Grillz,2024-05-31,172137,21,TRUE,312gz2r7n2lelghlsheflimsl64e,2025-02-14T21:59:38Z,"덥스텝,리딤,데스스텝,덥,EDM,베이스 음악,멜로딕 베이스",Rude Service,0.662,0.954,0,-1.241,1,0.207,0.00138,0.000186,0.249,0.062,145.058,4
spotify:track:2xq3fDsvjGM6JVQ3CvDzYf,Check It Out,PARALLAXX,LAXX,2024-07-19,210206,3,FALSE,312gz2r7n2lelghlsheflimsl64e,2025-02-14T21:59:38Z,"덥스텝,리딤,베이스 음악,데스스텝",Cyclops Recordings,0.783,0.967,11,-0.733,0,0.121,0.00537,0.248,0.0502,0.228,144.977,4
spotify:track:1IthYM2aPPVlWynUhaTfeu,Eternal Doom,Eternal Doom,Ruvlo,2024-07-10,155793,28,TRUE,312gz2r7n2lelghlsheflimsl64e,2025-02-14T21:59:38Z,"리딤,덥스텝,데스스텝,베이스 음악",Kannibalen Records,0.619,0.658,2,-5.901,1,0.0412,0.00268,0.749,0.175,0.0644,144.982,4
spotify:track:1vZlVvR8ktMbUsdGsSHrOF,Replica,Replica,Strobez,2024-08-14,218142,23,FALSE,312gz2r7n2lelghlsheflimsl64e,2025-02-14T21:59:38Z,"베이스 음악,edm 트랩",Strobez,0.592,0.9,6,-3.821,0,0.0406,0.00747,0.428,0.634,0.0736,139.87,4
spotify:track:1gzp87pX1xiQuemmmNYMOQ,TROLLZ,TROLLZ,Zingara;Gardella,2024-07-18,137379,32,TRUE,312gz2r7n2lelghlsheflimsl64e,2025-02-14T21:59:38Z,"덥스텝,베이스 음악,리딤",Zingara Music,0.543,0.991,1,-0.818,0,0.412,0.0035,0.00068,0.589,0.218,145.161,4
spotify:track:3X80lTHOcUr4ujjMMHW8e4,Going In,Going In,BERNZIKIAL,2024-07-12,150107,11,FALSE,312gz2r7n2lelghlsheflimsl64e,2025-02-14T21:59:38Z,"리딤,덥스텝,데스스텝",Bassrush Records,0.405,0.774,1,-3.013,1,0.0396,0.000477,0.566,0.057,0.104,138.466,4
spotify:track:2wVGikrHyivMCxdXTc5fsx,Jackpot,Jackpot,Kompany;IVORY;Raxdflipnote,2024-10-18,183428,42,FALSE,312gz2r7n2lelghlsheflimsl64e,2025-02-14T21:59:38Z,"덥스텝,리딤,데스스텝,베이스 음악,EDM,덥",Kompany Music,0.495,0.96,1,-1.726,1,0.475,0.0054,0.00012,0.31,0.328,139.752,4
spotify:track:0F8jn1hzEfQhPFTs4fYR63,It's Called Dubstep,It's Called Dubstep,Bear Grillz,2024-09-27,128000,29,TRUE,312gz2r7n2lelghlsheflimsl64e,2025-02-14T21:59:38Z,"덥스텝,리딤,데스스텝,덥,EDM,베이스 음악,멜로딕 베이스",Rude Service,0.584,0.964,8,-3.115,1,0.437,0.0399,0.00318,0.121,0.222,150.355,4
spotify:track:62Oto2BhdCETRMbzQLc3hD,Drop That,Drop That,TVBOO;LSDREAM;Al Kapone,2024-05-10,242823,24,TRUE,312gz2r7n2lelghlsheflimsl64e,2025-02-14T21:59:38Z,"베이스 음악,덥스텝,리딤,EDM,호러코어,서던 힙합",WAKAAN,0.477,0.938,2,-3.533,1,0.13,0.0131,0.197,0.523,0.167,170.001,4
spotify:track:2pZkX6yyPuF8UdRqGXsDci,Ganja Tape,Ganja Tape,Ganja White Night;Tape B,2024-09-27,254488,44,FALSE,312gz2r7n2lelghlsheflimsl64e,2025-02-14T21:59:38Z,"덥스텝,리딤,베이스 음악,EDM,덥",SubCarbon,0.476,0.955,4,-0.496,0,0.202,0.0288,0.26,0.431,0.121,139.93,3
spotify:track:0i3NZpE5KwC70tf0GSKekx,Black Ice (feat. Phantogram),Black Ice (feat. Phantogram),Subtronics;Rezz;Phantogram,2024-04-19,260001,44,FALSE,312gz2r7n2lelghlsheflimsl64e,2025-02-14T21:59:38Z,"리딤,덥스텝,EDM,데스스텝,베이스 음악,덥",Cyclops Recordings,0.514,0.534,1,-4.621,0,0.288,0.0309,0.0000794,0.321,0.216,146.872,4
spotify:track:24KFdeWtel3jLwZ399zwq2,ACID,ACID,Wooli;SampliFire,2024-04-17,178285,46,FALSE,312gz2r7n2lelghlsheflimsl64e,2025-02-14T21:59:38Z,"덥스텝,멜로딕 베이스,리딤,EDM,데스스텝,퓨처 베이스,베이스 음악",Wooli Music LLC,0.512,0.996,11,-0.412,0,0.284,0.0117,0.873,0.427,0.0389,139.879,4
spotify:track:3b26vJtV7KETHKtu4sxabB,ONE FOR YOU,ONE FOR YOU,ALLEYCVT;Levity,2024-07-12,152516,58,FALSE,312gz2r7n2lelghlsheflimsl64e,2025-02-14T21:59:38Z,"덥스텝,EDM,리딤",Deadbeats,0.559,0.76,10,-4.768,1,0.0551,0.0164,0.00188,0.109,0.0885,155.095,4
spotify:track:7a0YkuVvfsSeJm8OaYUqRQ,IJUSTWANNA,IJUSTWANNA,longstoryshort;SPORTMODE,2024-11-15,179144,10,FALSE,312gz2r7n2lelghlsheflimsl64e,2025-02-14T21:59:38Z,"베이스 하우스,셔터 하우스,영국 개러지,베이스 음악,edm 트랩",NIGHTMODE,0.615,0.916,1,-2.419,0,0.0514,0.00545,0.0606,0.346,0.15,139.951,4
spotify:track:2fga4JgHuq91W9HiTfo9GC,how2fly,kidsgonemad!,ISOxo,2023-10-20,241714,50,FALSE,312gz2r7n2lelghlsheflimsl64e,2025-02-14T21:59:38Z,"베이스 하우스,edm 트랩,EDM",88rising Music,0.561,0.95,10,-3.11,1,0.0537,0.061,0.00519,0.115,0.0467,139.926,4
spotify:track:7hBUvEg6V9TQPZgLie2krb,SEE YOU DROP,SEE YOU DROP,Ray Volpe,2024-03-01,157600,53,FALSE,312gz2r7n2lelghlsheflimsl64e,2025-02-14T21:59:38Z,"덥스텝,리딤,데스스텝,멜로딕 베이스,베이스 음악,EDM",Monstercat,0.536,0.961,9,-2.008,1,0.0536,0.00101,0.619,0.477,0.151,150.037,4
spotify:track:7l4Lpgq0nY0WlekYbnYM38,Keep Pushin' (Beast),Keep Pushin' (Beast),Don Diablo;P Money;Control Alt Delete,2024-11-22,185581,44,TRUE,312gz2r7n2lelghlsheflimsl64e,2025-02-14T21:59:38Z,"퓨처 하우스,EDM,그라임,영국 그라임,드럼 앤 베이스,베이스라인",HEXAGON,0.59,0.872,2,-4.589,0,0.149,0.302,0,0.29,0.234,86.032,4
spotify:track:4VtsLbU3MGaFRpAwFsbVcg,Faceplant On The Galaxy,Faceplant On The Galaxy,INZO;LSDREAM,2024-05-03,285529,31,FALSE,312gz2r7n2lelghlsheflimsl64e,2025-02-14T21:59:38Z,"퓨처 베이스,덥스텝,베이스 음악,EDM",Lowly,0.423,0.846,4,-3.286,1,0.188,0.00375,0.112,0.241,0.184,170.302,4
spotify:track:4sG2mY9YIrqC6zJByChKSN,EDGE - 2024 Version,EDGE (2024 Version),Rezz,2024-05-30,179612,0,FALSE,312gz2r7n2lelghlsheflimsl64e,2025-02-14T21:59:38Z,"EDM,덥스텝",mau5trap,0.541,0.747,2,-11.296,1,0.037,0.000549,0.00189,0.082,0.0885,155.076,4
spotify:track:6sKog4OAuRZfYmQRrLYExz,Hoist The Colours - Excision & Sullivan King Remix,Hoist The Colours (Excision & Sullivan King Remix),The Wellermen;Ebucs;Eric Hollaway;Big Brev;Bobby Bass;Jesse Elkins;Luke G. Taylor;Excision;Sullivan King,2024-06-14,149136,45,FALSE,312gz2r7n2lelghlsheflimsl64e,2025-02-14T21:59:38Z,"뱃노래,켈트,덥스텝,리딤,데스스텝,EDM,덥,멜로딕 베이스,베이스 음악",Tenwest,0.318,0.904,1,-2.222,1,0.15,0.00283,0.000386,0.204,0.199,106.13,4
spotify:track:4nECx74TstNdhoE9sO0j78,Ignition,Escapism Vol. 1,Levity,2024-09-25,186213,53,TRUE,312gz2r7n2lelghlsheflimsl64e,2025-02-14T21:59:38Z,덥스텝,Deadbeats Acquisition UMC,0.525,0.953,11,-2.149,0,0.108,0.0172,0.00115,0.682,0.285,89.951,4
spotify:track:18gjLS71ghGPo3aH1yiPvD,as i do,as i do,borne,2024-11-15,144044,45,FALSE,312gz2r7n2lelghlsheflimsl64e,2025-02-14T21:59:38Z,"영국 개러지,베이스 음악,덥스텝",UKF,0.563,0.763,2,-5.357,1,0.0646,0.00534,0.245,0.152,0.0536,139.919,4
spotify:track:2Q4N4dG8jJegNGNgyToYaq,Dead To Me,Dead To Me,Viperactive,2024-11-22,179142,40,FALSE,312gz2r7n2lelghlsheflimsl64e,2025-02-14T21:59:38Z,"덥스텝,리딤,베이스 음악,edm 트랩,데스스텝",Joytime Collective,0.483,0.994,11,-0.531,1,0.0796,0.000314,0.684,0.335,0.143,139.738,4
spotify:track:7vHFbHovK5g1MoWK7s696a,Rave Repeater,Rave Repeater,Marshmello;Space Laces,2024-12-13,168629,37,TRUE,312gz2r7n2lelghlsheflimsl64e,2025-02-14T21:59:38Z,"EDM,덥스텝,리딤,데스스텝,베이스 음악,베이스 하우스,덥",Joytime Collective,0.574,0.984,3,-2.529,1,0.289,0.00687,0.894,0.631,0.109,145.038,4
spotify:track:71JAtFpR1s6MvnMgscPVfK,Dream Of U,Embody,Hex Cougar;Malixe,2025-01-10,240000,21,FALSE,312gz2r7n2lelghlsheflimsl64e,2025-02-14T21:59:38Z,"퓨처 베이스,edm 트랩,멜로딕 베이스",BREAK ROOM,0.334,0.804,1,-4.035,1,0.0512,0.0362,0.02,0.121,0.0373,112.401,3
spotify:track:05m2Tzl316LsHUL1FHGS93,Make It Wobble (feat. Takura),Make It Wobble (feat. Takura),Wooli;Kill The Noise;Takura,2024-03-20,165263,34,FALSE,312gz2r7n2lelghlsheflimsl64e,2025-02-14T21:59:38Z,"덥스텝,멜로딕 베이스,리딤,EDM,데스스텝,퓨처 베이스,베이스 음악,드럼 앤 베이스,베이스라인",Label Of The Year,0.524,0.963,9,-0.862,1,0.336,0.00961,0.00202,0.0992,0.248,107.71,3
spotify:track:29cMcEZm3CK2HSdGm8lGo1,THROW IT DOWN,THROW IT DOWN,ALLEYCVT,2022-10-26,175329,48,FALSE,312gz2r7n2lelghlsheflimsl64e,2025-02-14T21:59:38Z,"덥스텝,EDM,리딤",ALLEYCVT,0.62,0.683,8,-8.33,1,0.259,0.0311,0.0324,0.434,0.625,166.917,4
spotify:track:4aZ9YyxKfek4k2Gfm4eeFs,Cottage Gore,TESSERACT,Subtronics,2024-02-16,164068,42,FALSE,312gz2r7n2lelghlsheflimsl64e,2025-02-14T21:59:38Z,"리딤,덥스텝,EDM,데스스텝,베이스 음악,덥",Cyclops Recordings,0.641,0.898,11,-0.875,0,0.325,0.00472,0.535,0.219,0.251,145.049,4
spotify:track:2oq7Sgj2B3gocUBRlHIvLN,Karmic Retribution,SHADOW SYMPHONY,LEVEL UP;Austeria;TINYKVT,2023-03-31,156413,45,FALSE,312gz2r7n2lelghlsheflimsl64e,2025-02-14T21:59:38Z,"덥스텝,리딤,데스스텝,EDM",Summoning Circle,0.311,0.788,3,-4.346,0,0.0598,0.0158,0.00378,0.0937,0.184,145,4
spotify:track:0O42pCLNJpakxWDvq3IiNZ,OPEN UR EYE,CAN YOU SEE ME?,Rezz;Cyclops,2024-03-14,168913,45,FALSE,312gz2r7n2lelghlsheflimsl64e,2025-02-14T21:59:38Z,"EDM,덥스텝,리딤,데스스텝,베이스 음악",HypnoVizion Records Inc.,0.788,0.791,11,-2.823,1,0.0544,0.0492,0.77,0.147,0.534,137.961,4
spotify:track:2TN7EMZLoLuP1Lthtw10lx,When We Touch,Morphosia,Kai Wachi,2024-03-08,140824,43,FALSE,312gz2r7n2lelghlsheflimsl64e,2025-02-14T21:59:38Z,"덥스텝,데스스텝,리딤,멜로딕 베이스,EDM,베이스 음악",Kannibalen Records,0.648,0.863,10,0.056,0,0.0453,0.0122,0.0157,0.142,0.384,99.945,4
spotify:track:10bwFRsx88hgMf7Xe24wK2,Set Me Free,Set Me Free,Adventure Club;Kompany;Sara Benyo,2025-01-15,181069,39,FALSE,312gz2r7n2lelghlsheflimsl64e,2025-02-18T10:38:48Z,"멜로딕 베이스,덥스텝,EDM,칠스텝,퓨처 베이스,리딤,데스스텝,베이스 음악,덥",Monstercat,0.395,0.853,1,-2.189,1,0.0583,0.019,0.0000355,0.24,0.0706,145.206,4
spotify:track:5aJnl3PVYb1svAjOzSqQHS,DJJJJJJJJJ,Glass Orchid,Ravenscoon,2025-01-17,150857,23,FALSE,312gz2r7n2lelghlsheflimsl64e,2025-02-18T21:21:15Z,"베이스 음악,덥스텝",RAVENSCOON,0.603,0.995,11,0.175,1,0.06,0.00717,0.178,0.736,0.626,139.924,4
spotify:track:0lwjrh66nXwlyfsHtoA0Xe,Song Of The Year,Song Of The Year,Kill The Noise;Wooli,2023-02-24,133714,39,FALSE,312gz2r7n2lelghlsheflimsl64e,2025-02-20T02:08:55Z,"덥스텝,멜로딕 베이스,EDM,리딤,데스스텝,퓨처 베이스,베이스 음악",Cyclops Recordings,0.62,0.963,10,-1.071,0,0.177,0.00846,0.0483,0.571,0.227,140.111,4
spotify:track:4xVIkOJBN7XSs8yrsxcKSf,Bussin Bussin (feat. JV Rhymes),AD INFINITUM,Riot Ten;SubDocta;JV Rhymes,2022-05-20,213517,41,TRUE,312gz2r7n2lelghlsheflimsl64e,2025-02-20T03:00:48Z,"덥스텝,리딤,데스스텝,EDM,베이스 음악",Dim Mak Records,0.678,0.925,9,-5.685,1,0.0593,0.000472,0.763,0.0803,0.346,145.095,4
spotify:track:73dPS5EDSbo40IdutOvhJ6,SPARK,SPARK,LAYZ,2022-01-28,142400,43,FALSE,312gz2r7n2lelghlsheflimsl64e,2025-02-20T03:12:38Z,"리딤,덥스텝,데스스텝",Welcome Records,0.565,0.995,6,-0.101,0,0.77,0.0129,0.346,0.359,0.118,149.97,4
spotify:track:6O6ePDpaKefShKvHezsWqc,Obsidian Vortex,Obsidian Vortex,ATLiens,2022-09-16,162253,44,FALSE,312gz2r7n2lelghlsheflimsl64e,2025-02-20T03:22:43Z,"리딤,덥스텝,데스스텝,베이스 음악,EDM",Bassrush Records,0.743,0.986,1,-3.117,1,0.0914,0.0573,0.0286,0.122,0.185,141.997,4
spotify:track:4PjKb1i0g4ahj9SWeQXFPJ,The Maze Guardian,The Maze Guardian,Space Wizard,2021-04-02,178285,40,FALSE,312gz2r7n2lelghlsheflimsl64e,2025-02-20T03:36:48Z,"리딤,덥스텝,베이스 음악",Space Wizard Music,0.574,0.875,1,-4.618,1,0.151,0.000493,0.25,0.795,0.0969,140.05,4
spotify:track:4q6M0ocvDwZp0kbnWtYLaF,NECROMANCER,NECROMANCER EP,GHENGAR;Ghastly,2022-10-07,228413,33,FALSE,312gz2r7n2lelghlsheflimsl64e,2025-02-21T03:55:00Z,"리딤,덥스텝,데스스텝,베이스 하우스,EDM",RATED M RECORDS,0.603,0.905,2,-3.151,1,0.216,0.0154,0.38,0.105,0.135,72.428,4
spotify:track:6ul4s7dwLMYtGOkyIfMWEW,DROP EM,VOLPETRON ASCENDS EP,Ray Volpe,2023-08-25,238153,41,FALSE,312gz2r7n2lelghlsheflimsl64e,2025-02-21T04:02:57Z,"덥스텝,리딤,데스스텝,멜로딕 베이스,베이스 음악,EDM",Monstercat,0.685,0.975,9,-2.838,1,0.0941,0.000942,0.834,0.11,0.171,130.023,4
spotify:track:7Giip1UJawrbpp4HqzFBFY,Down With Your Love,Down With Your Love,RIOT,2020-10-14,299317,43,FALSE,312gz2r7n2lelghlsheflimsl64e,2025-02-22T04:56:33Z,"덥스텝,데스스텝,리딤",Gud Vibrations,0.529,0.995,7,-0.503,1,0.0931,0.00428,0.179,0.41,0.268,149.987,4
spotify:track:1Ipo7AQ2vWCoCjkSTxGEMX,Front Man,Front Man,Black Tiger Sex Machine;ATLiens,2022-01-21,248333,26,FALSE,312gz2r7n2lelghlsheflimsl64e,2025-02-22T05:09:52Z,"덥스텝,리딤,데스스텝,EDM,베이스 음악",Kannibalen Records,0.522,0.825,1,-3.015,1,0.0457,0.0116,0.526,0.116,0.0337,180.1,3
spotify:track:0dCtaEXGzrVxlqteDis4vP,Eden (feat. fussy),Eden (feat. fussy),Juelz;fussy,2022-06-24,176761,41,FALSE,312gz2r7n2lelghlsheflimsl64e,2025-02-22T05:12:37Z,"edm 트랩,퓨처 베이스,베이스 하우스",NIGHTMODE,0.258,0.908,8,-3.303,0,0.187,0.0131,0.0000157,0.135,0.405,175.536,4
spotify:track:6aBm5lBiBcEBc8moW055LI,TYPE SH*T,TYPE SH*T,Crankdat;NGHTMRE;Duke Deuce,2025-06-06,212870,57,TRUE,312gz2r7n2lelghlsheflimsl64e,2025-10-05T09:41:21Z,"덥스텝,리딤,EDM,데스스텝,베이스 하우스,edm 트랩,퓨처 베이스",CRANKDAT MUSIC,0.497,0.993,11,1.284,1,0.292,0.0079,0.122,0.526,0.164,174.983,4
spotify:track:4THkynBgb2TALixMj8IO5S,ILL,NEKROSIS,Kai Wachi,2025-06-13,145071,44,FALSE,312gz2r7n2lelghlsheflimsl64e,2025-10-08T11:12:31Z,"덥스텝,데스스텝,리딤,멜로딕 베이스,EDM,베이스 음악",Kannibalen Records,0.696,0.945,2,-0.189,1,0.107,0.00188,0.0793,0.328,0.309,140.118,4
spotify:track:4xWXrhg0Vwc29lbeyHZsYt,Dingus,Dingus,Subtronics;Wooli;LEVEL UP,2025-09-12,218482,52,FALSE,312gz2r7n2lelghlsheflimsl64e,2025-10-08T11:15:10Z,"리딤,덥스텝,EDM,데스스텝,베이스 음악,덥,멜로딕 베이스,퓨처 베이스",Cyclops Recordings,0.66,0.856,9,0.224,1,0.217,0.0302,0.00541,0.228,0.492,145.034,4
spotify:track:6oGFDrlsSXovBIAY7gNYIq,By My Side,Snack Pack Vol. 1,Levity,2025-09-24,222978,52,FALSE,312gz2r7n2lelghlsheflimsl64e,2025-10-09T10:12:33Z,덥스텝,"Ultra Records, LLC",0.631,0.936,5,-2.314,0,0.0953,0.0496,0.0000315,0.139,0.338,140.996,4
spotify:track:0ChKFBhvhYvzVqYBRMpq5z,Ground Pound,Ground Pound,Crankdat;CHRMNDRS,2022-01-07,179200,43,FALSE,312gz2r7n2lelghlsheflimsl64e,2025-10-10T01:42:15Z,"덥스텝,리딤,EDM,데스스텝,베이스 하우스",Disciple,0.543,0.955,1,-4.707,1,0.0555,0.00568,0.804,0.0726,0.0561,149.963,4
spotify:track:0Fj8IYC9a7dVMXq3j0wOn9,DIRTY SOUTH,DIRTY SOUTH,Big Florida,2024-04-19,174879,49,TRUE,312gz2r7n2lelghlsheflimsl64e,2025-10-11T05:07:44Z,"리딤,덥스텝,데스스텝",Rated R,0.474,0.952,4,-0.929,1,0.188,0.0168,0.00000108,0.0957,0.214,149.966,4
spotify:track:4rLRo9sQKBU4jx2XNRsMWw,SO DAMN GOOD,SO DAMN GOOD,ALLEYCVT,2025-08-27,198400,52,FALSE,312gz2r7n2lelghlsheflimsl64e,2025-10-20T21:11:09Z,"덥스텝,EDM,리딤",SUPERSONIC RECORDS,0.517,0.992,5,-0.332,0,0.199,0.00186,0.272,0.701,0.347,149.958,4
spotify:track:1c92aalzTXzAAgGWqGphre,Mike's Way,Mike's Way,Pretty Sweet,2025-07-16,137142,45,TRUE,312gz2r7n2lelghlsheflimsl64e,2025-11-05T15:44:12Z,"덥스텝,리딤",Pretty Sweet,0.591,0.861,8,-2.806,1,0.329,0.0792,0.00000193,0.192,0.811,139.094,4
spotify:track:276gvZTtMj6NvWyT1KPtJW,Bark Mode,Bark Mode,Ganja White Night;Distinct Motive,2025-11-07,212308,46,FALSE,312gz2r7n2lelghlsheflimsl64e,2025-11-13T03:36:33Z,"덥스텝,리딤,베이스 음악,EDM,덥",Subcarbon,0.557,0.846,0,-6.604,1,0.0789,0.0844,0.129,0.107,0.0359,140.016,4
spotify:track:2oWT0CaXgzDkcpfjCtzIpf,Humanity,Humanity,Max Brhon,2019-06-26,197960,0,FALSE,312gz2r7n2lelghlsheflimsl64e,2026-01-31T02:54:47Z,,NCS,0.669,0.864,0,-3.611,1,0.0536,0.0732,0.666,0.0803,0.306,110.042,3
spotify:track:3SSzqNGH8gRHBXohGx7BcV,Frequency 75,Carte Blanche,DJ Snake,2019-07-25,266666,39,FALSE,312gz2r7n2lelghlsheflimsl64e,2026-01-31T02:54:47Z,,DJ Snake Music Productions Limited,0.663,0.773,1,-8.961,1,0.122,0.0039,0.449,0.088,0.125,108.022,4
spotify:track:26TzNAUDOizTv0EJMDpUWS,Takeover (feat. The Qemists),Become,Zardonic;The Qemists,2018-09-28,248138,0,TRUE,312gz2r7n2lelghlsheflimsl64e,2026-01-31T02:54:47Z,"인더스트리얼 메탈,데스스텝,드럼 앤 베이스,인더스트리얼,덥스텝",eOne Music,0.39,0.979,11,-4.334,0,0.205,0.000054,0.0000063,0.345,0.209,174.909,4
spotify:track:3O82ngwOEMwApKpSWQGLd7,Cyberpunk,Cyberpunk,Max Brhon,2019-08-30,215079,0,FALSE,312gz2r7n2lelghlsheflimsl64e,2026-01-31T02:54:47Z,,NCS,0.529,0.979,11,-7.062,1,0.0888,0.147,0.811,0.119,0.0883,110.017,4
spotify:track:6YKvWu8g52FPOqm1IyD7Ue,Pure Power (Original Mix),Antihero,Zardonic,2015-09-18,292386,0,FALSE,312gz2r7n2lelghlsheflimsl64e,2026-01-31T02:54:47Z,"인더스트리얼 메탈,데스스텝,드럼 앤 베이스,인더스트리얼",eOne Music,0.444,0.912,10,-3.847,1,0.0559,0.0000255,0.000473,0.347,0.257,110.016,4
spotify:track:1HeCBrZd0A2ub1E8aeZJie,Supermoves,Wreckage,Overseer,1997,287426,45,FALSE,312gz2r7n2lelghlsheflimsl64e,2026-01-31T02:54:47Z,"빅 비트,브레이크비트",Columbia,0.536,0.977,6,-7.827,0,0.0648,0.0000323,0.899,0.689,0.419,135.006,4
spotify:track:1EDp2rxkQSznqL2u5H5Z5U,ERROR,ERROR,KLOUD,2019-11-18,240000,0,FALSE,312gz2r7n2lelghlsheflimsl64e,2026-01-31T02:54:47Z,하드 테크노,Lowly,0.526,0.746,10,-5.774,0,0.0457,0.0145,0.531,0.129,0.09,116.033,4
spotify:track:4NC86WqrkTKQjs4JqXpyml,D.E.A.L,D.E.A.L,KUURO;Psycho Boys Club,2021-11-04,200000,23,FALSE,312gz2r7n2lelghlsheflimsl64e,2026-01-31T02:54:47Z,"덥스텝,하드 테크노",Monstercat,0.654,0.969,8,-4.182,1,0.301,0.0108,0.61,0.236,0.436,149.996,4
spotify:track:0tgTMb3cjhtuxGlXTdrbUv,Blowin' Smoke - Extra Terra - Cyberpunk Remix,Blowin' Smoke (Extra Terra - Cyberpunk Remix),Urbanstep;Misfit;Peter Piffen;Extra Terra,2019-12-20,207408,21,FALSE,312gz2r7n2lelghlsheflimsl64e,2026-01-31T02:54:47Z,"덥스텝,데스스텝,드리프트 퐁크,퐁크,신스웨이브",Urban Stars Records,0.703,0.927,5,-3.887,1,0.169,0.000916,0.0116,0.144,0.271,101.942,4
spotify:track:1R62WYOr9YiRCsjHAiiMun,Already Gone,Already Gone,Slowpalace;FWLR;qwinn,2021-02-08,199596,25,FALSE,312gz2r7n2lelghlsheflimsl64e,2026-01-31T02:54:47Z,,Monstercat,0.627,0.856,10,-4.971,1,0.0562,0.0457,0.0499,0.339,0.26,124.007,4
spotify:track:3ZnaDm5OFyBNKWGOVBgQfx,Superhot (Hyperhot Mix),Superhot: Mind Control Delete Soundtrack,Zardonic,2020-07-16,293120,29,FALSE,312gz2r7n2lelghlsheflimsl64e,2026-01-31T02:54:47Z,"인더스트리얼 메탈,데스스텝,드럼 앤 베이스,인더스트리얼",Superhot,0.426,0.974,4,-4.242,0,0.102,0.0000211,0.942,0.349,0.0352,175,4
spotify:track:08EDz6781IVLc3qMn3VneT,Mula,Mula,Eliminate,2020-01-31,216800,0,FALSE,312gz2r7n2lelghlsheflimsl64e,2026-01-31T02:54:47Z,"덥스텝,리딤,베이스 음악,데스스텝,베이스 하우스",Sable Valley Records,0.635,0.841,0,-1.212,0,0.0742,0.0304,0.00177,0.0347,0.188,149.996,4
spotify:track:2rCM9E5gZK2YRiIClGsGpu,Gold Dust - Fox Stevenson Remix,Gold Dust (Fox Stevenson Remix),DJ Fresh;Fox Stevenson,2022-03-17,233103,51,FALSE,312gz2r7n2lelghlsheflimsl64e,2026-01-31T02:54:47Z,"드럼 앤 베이스,덥스텝,드럼스텝",Breakbeat Kaos,0.543,0.981,0,0.836,1,0.0492,0.00311,0.00148,0.151,0.43,174,4
spotify:track:2fBImyKfTG6MTIZwqGhnpo,Too Much,RESET,Party Favor,2022-06-17,219242,23,FALSE,312gz2r7n2lelghlsheflimsl64e,2026-01-31T02:54:47Z,edm 트랩,"Ultra Records, LLC",0.612,0.89,1,-5.582,1,0.0628,0.00151,0.868,0.0894,0.397,127.013,4
spotify:track:7Fdw5PCKFHkHJAhhDIj0qA,Wait,Wait,NEUNOSIEM,2020-11-13,179238,25,FALSE,312gz2r7n2lelghlsheflimsl64e,2026-01-31T02:54:47Z,베이스 하우스,Night Mode,0.587,0.93,8,-2.231,0,0.0392,0.00795,0.0209,0.151,0.0384,105.043,4
spotify:track:0ODqxq10jngY9wxlg3N2GD,Existence (VIP),Existence EP,Excision;Downlink,2011-07-25,248178,0,FALSE,312gz2r7n2lelghlsheflimsl64e,2026-01-31T02:54:47Z,"덥스텝,리딤,데스스텝,EDM,덥,멜로딕 베이스,베이스 음악,드럼스텝",Rottun Recordings,0.428,0.916,2,-5.22,1,0.239,0.000211,0.304,0.109,0.148,136.663,4
spotify:track:5jAwWiebm6MVNndxr9LvkO,iLIKE,iLIKE,D'Amico & Valax;TonyLaces,2022-09-02,164761,0,FALSE,312gz2r7n2lelghlsheflimsl64e,2026-01-31T02:54:47Z,"베이스 하우스,테크 하우스",Bass House Music,0.623,0.893,2,-4.169,1,0.0675,0.00881,0.000066,0.504,0.457,126.128,4
spotify:track:1x5QWV9puSWAdBh6pb4Zk8,All I Need,All I Need,RageMode,2021-12-17,197076,0,FALSE,312gz2r7n2lelghlsheflimsl64e,2026-01-31T02:54:47Z,"베이스 하우스,드럼 앤 베이스",Bass House Music,0.708,0.906,2,-4.067,1,0.0539,0.00984,0.307,0.29,0.19,130.046,4
spotify:track:6c71O0u6GNKMb622zjgmaK,Tempted,Tempted,Max Kilian;Eloy Hoose,2022-04-22,142500,0,FALSE,312gz2r7n2lelghlsheflimsl64e,2026-01-31T02:54:47Z,"테크 하우스,베이스 하우스",Bass House Music,0.677,0.892,11,-5.947,0,0.0864,0.00468,0.873,0.268,0.196,127.997,4
spotify:track:0SAU0GKrJNipUiQdfMukja,Here For You,Here For You,POLTERGST,2022-08-19,179520,0,FALSE,312gz2r7n2lelghlsheflimsl64e,2026-01-31T02:54:47Z,"하이퍼테크노,하드 테크노,테크노",Bass House Music,0.634,0.89,7,-7.129,1,0.0548,0.0011,0.84,0.151,0.25,125.029,4
spotify:track:6mv0ybchJnpMv8HNHfBum9,Full Speed,Full Speed,Infraction,2023-05-12,210857,0,FALSE,312gz2r7n2lelghlsheflimsl64e,2026-01-31T02:54:47Z,,Infraction,0.464,0.972,6,-5.921,1,0.0415,0.00156,0.696,0.433,0.766,140.016,4
spotify:track:09P3C84aQld7vQVkWBEqPr,Stairway - Original Mix,Fresh Flesh,Black Tiger Sex Machine,2015-10-08,260097,29,FALSE,312gz2r7n2lelghlsheflimsl64e,2026-01-31T02:54:47Z,"덥스텝,리딤,데스스텝,EDM",Kannibalen Records,0.726,0.803,7,-5.027,1,0.0426,0.177,0.0444,0.0984,0.414,127.977,4
spotify:track:6I7FFkcXS58luQoYLzPHi3,Mercenary,Mercenary,F.O.O.L;Power Glove,2020-10-19,219818,48,TRUE,312gz2r7n2lelghlsheflimsl64e,2026-01-31T02:54:47Z,"신스웨이브,베이퍼웨이브",Monstercat,0.683,0.779,9,-6.324,1,0.0546,0.0243,0.839,0.119,0.136,103.004,4
spotify:track:656RWPnsL8ivjm0K7tGmlI,HUMANS - VIP REMIX,VIP Remixes,GEN.KLOUD,2020-09-14,206775,31,TRUE,312gz2r7n2lelghlsheflimsl64e,2026-01-31T02:54:47Z,,Lowly,0.413,0.962,6,-2.91,0,0.0487,0.00837,0.249,0.215,0.0313,128.004,4
spotify:track:3QIovv6ZrMWJvk6yAo71xX,Jungle Fury,Dogma Resistance,RIOT,2019-11-07,309517,37,TRUE,312gz2r7n2lelghlsheflimsl64e,2026-01-31T02:54:47Z,"덥스텝,데스스텝,리딤",Monstercat,0.5,0.968,1,-0.471,1,0.0702,0.00218,0.812,0.676,0.176,145.017,4
spotify:track:7H5GF7ufsRpIPtvupChNyf,Follow Me - Blanke Remix,Follow Me (Blanke Remix),ShockOne;Blanke,2020-12-31,265371,30,TRUE,312gz2r7n2lelghlsheflimsl64e,2026-01-31T02:54:47Z,"드럼 앤 베이스,리퀴드 펑크(Funk),드럼스텝,덥스텝,멜로딕 베이스,퓨처 베이스,EDM",UKF,0.518,0.964,1,-2.029,1,0.0877,0.000436,0.0195,0.637,0.559,175.035,4
spotify:track:4abDF4FVlKqgjWCuceVpzw,Mass Hysteria,Mass Hysteria,STRLGHT,2020-03-06,175693,35,FALSE,312gz2r7n2lelghlsheflimsl64e,2026-01-31T02:54:47Z,퐁크,Epidemic Sound,0.783,0.728,8,-7.963,0,0.14,0.0142,0.0726,0.375,0.372,110.002,4
spotify:track:359dqboVug8CoRUE8WNVGf,Keep Up The Pace,Keep Up The Pace,Stonebank,2021-08-19,192504,38,FALSE,312gz2r7n2lelghlsheflimsl64e,2026-01-31T02:54:47Z,"해피 하드코어,덥스텝",Monstercat,0.61,0.928,10,-5.264,0,0.0657,0.00183,0.763,0.178,0.468,123.999,4
spotify:track:5hhck2nKkzhPVU5p2Axdf5,Tektronik,Dissolution EP,Ian Snow,2021-09-22,209454,23,FALSE,312gz2r7n2lelghlsheflimsl64e,2026-01-31T02:54:47Z,멜로딕 베이스,FiXT,0.518,0.672,10,-5.369,0,0.113,0.0556,0.776,0.139,0.117,110,4
spotify:track:3tQ7xeC9imXHX5LUJ2QlWu,THE HIVE,THE HIVE,GEN.KLOUD,2019-07-29,200347,31,FALSE,312gz2r7n2lelghlsheflimsl64e,2026-01-31T02:54:47Z,,Lowly,0.459,0.971,10,-5.86,0,0.0464,0.00176,0.405,0.103,0.467,115.047,4
spotify:track:74D0bP2HjjFzWLBvWuPBlR,Hydra,Hydra,Dino Shadix,2021-03-03,189714,15,FALSE,312gz2r7n2lelghlsheflimsl64e,2026-01-31T02:54:47Z,"덥스텝,리딤,데스스텝,베이스 음악",Subsidia,0.722,0.919,11,-3.354,0,0.152,0.0249,0.138,0.299,0.122,105.082,4
spotify:track:4RMFDkIBGhG0nBq0hMMYeD,Full Throttle,Night Fall,Lektrique;MIDNIGHT CVLT,2019-08-30,332540,27,FALSE,312gz2r7n2lelghlsheflimsl64e,2026-01-31T02:54:47Z,"덥스텝,베이스 하우스,일렉트로 하우스,데스스텝",Kannibalen Records,0.649,0.935,8,-4.473,0,0.0528,0.00274,0.676,0.11,0.22,125.995,4
spotify:track:3AawFHorBGEDdM9ngI8ofa,Braincase,Braincase,Kayzo;Subtronics,2019-12-04,192000,42,TRUE,312gz2r7n2lelghlsheflimsl64e,2026-01-31T02:54:47Z,"덥스텝,데스스텝,리딤,EDM,베이스 음악,덥",Welcome Records,0.813,0.8,11,-2.818,0,0.335,0.00654,0.424,0.194,0.366,145.03,4
spotify:track:3Oiauiojgokw9vWQvFmEoI,Eyes on Fire - Zeds Dead Remix,Eyes on Fire (Zeds Dead Remix) [Zed Dead Remix],Blue Foundation;Zeds Dead,2007,320000,58,FALSE,312gz2r7n2lelghlsheflimsl64e,2026-01-31T02:54:47Z,"덥스텝,EDM",WM Denmark,0.614,0.726,11,-6.441,1,0.096,0.00869,0.00131,0.157,0.315,144.965,4
spotify:track:1RcKEwbDLoLLkwCng0DzZq,Signal,Signal,Rezz;Grabbitz,2023-05-19,194823,42,FALSE,312gz2r7n2lelghlsheflimsl64e,2026-01-31T02:54:47Z,"EDM,덥스텝",HypnoVizion Records Inc.,0.505,0.626,5,-4.866,0,0.0255,0.0645,0.0036,0.106,0.129,169.962,4
spotify:track:74fmYjFwt9CqEFAh8ybeBD,Rumble,Quest For Fire,Skrillex;Fred again..;Flowdan,2023-02-17,146571,65,FALSE,312gz2r7n2lelghlsheflimsl64e,2026-01-31T02:54:47Z,"덥스텝,EDM,일렉트로,일렉트로닉,셔터 하우스,하우스,드럼 앤 베이스,그라임,영국 개러지",OWSLA/Atlantic,0.81,0.836,1,-7.721,0,0.0645,0.0515,0.229,0.0598,0.0585,139.979,4
spotify:track:30MdAjBfVTvBCS3vID38At,Laserbeam,Laserbeam,Ray Volpe,2022-06-24,221600,49,FALSE,312gz2r7n2lelghlsheflimsl64e,2026-01-31T02:54:47Z,"덥스텝,리딤,데스스텝,멜로딕 베이스,베이스 음악,EDM",Disciple,0.573,0.978,1,-1.009,1,0.0883,0.000685,0.0621,0.169,0.0816,149.978,4
spotify:track:2CyR5Pbv5QYWfXpJmyhaVF,Dark Heart Surgery,The One,Ganja White Night,2019-10-22,287391,39,FALSE,312gz2r7n2lelghlsheflimsl64e,2026-01-31T02:54:47Z,"덥스텝,리딤,베이스 음악,EDM,덥",SubCarbon,0.846,0.743,5,-4.62,0,0.0313,0.00754,0.792,0.0964,0.406,89.996,4
spotify:track:47IcVmHkXjRPWyVI8FYcR0,Sound of Where'd U Go,Awake (Remixes),ILLENIUM;Said The Sky;1788-L;Kerli,2018-06-18,200000,39,FALSE,312gz2r7n2lelghlsheflimsl64e,2026-01-31T02:54:47Z,"멜로딕 베이스,퓨처 베이스,EDM,칠스텝,덥스텝",Seeking Blue,0.598,0.76,7,-3.548,1,0.285,0.00385,0.000146,0.102,0.25,180.025,4
spotify:track:7MediosGgQmnwMxAPGaIBm,SHADOW SELF,RENEGADES OF LIGHT,LSDREAM,2019-04-12,249544,45,FALSE,312gz2r7n2lelghlsheflimsl64e,2026-01-31T02:54:47Z,"덥스텝,베이스 음악,EDM",Wakaan,0.455,0.88,9,-5.923,1,0.111,0.0291,0.000846,0.146,0.346,172.081,4
spotify:track:3fqWMqLjDxzOdQpWKED0KD,Cold Day in Hell,Cold Day in Hell,NITTI;Dr. Fresch,2020-12-01,144000,37,TRUE,312gz2r7n2lelghlsheflimsl64e,2026-01-31T02:54:47Z,"베이스 하우스,G 하우스",Nitti Gritti Records,0.65,0.868,11,-4.785,0,0.0838,0.0827,0.222,0.125,0.445,200.143,4
spotify:track:47UiEqtMQRGQ4vlCh7Lm4V,Satan Works Alone - Original Mix,Boot Camp,LEVEL UP,2020-12-11,139034,38,FALSE,312gz2r7n2lelghlsheflimsl64e,2026-01-31T02:54:47Z,"덥스텝,리딤,데스스텝,EDM",Cyclops Recordings,0.705,0.801,11,-2.368,0,0.099,0.0664,0.187,0.095,0.153,145.006,4
spotify:track:5uItmsvH0iEN1UNd2FDhaM,Styx,Mutation,Midnight Tyrannosaurus,2019-05-03,111866,36,FALSE,312gz2r7n2lelghlsheflimsl64e,2026-01-31T02:54:47Z,"리딤,데스스텝,덥스텝,베이스 음악,덥",Gud Vibrations,0.89,0.737,2,-4.926,1,0.411,0.00937,0.788,0.123,0.0377,145.039,4
spotify:track:3tCJOzicyEdN3CzbLvKVxZ,Vibe Check,Rainbow Brain,GRiZ,2021-07-23,169600,0,TRUE,312gz2r7n2lelghlsheflimsl64e,2026-01-31T02:54:47Z,"덥스텝,EDM",GRiZ,0.736,0.945,0,-0.751,1,0.145,0.0176,0.00486,0.315,0.391,149.901,4
spotify:track:7Fh5Q7Hg1H7CX1jVQY2Dgm,Bricks,Bricks,Dr. Fresch;House Call,2023-04-28,129642,0,FALSE,312gz2r7n2lelghlsheflimsl64e,2026-01-31T02:54:47Z,"G 하우스,베이스 하우스",House Call Records,0.759,0.961,8,-5.051,1,0.0984,0.127,0.0103,0.231,0.419,112.027,4
spotify:track:09HjLlsBh3iqLEkOgH4Ac4,ON FIRE,BRAVE,JOYRYDE,2020-04-03,203520,50,FALSE,312gz2r7n2lelghlsheflimsl64e,2026-01-31T02:54:47Z,"베이스 하우스,G 하우스",HARD Recs,0.78,0.908,1,-2.706,1,0.0822,0.00672,0.45,0.167,0.617,125.021,4
spotify:track:3iMgqf7gCjBhRdBrLm5WbM,Sleep,Unholy,One True God,2019-07-31,145555,43,TRUE,312gz2r7n2lelghlsheflimsl64e,2026-01-31T02:54:47Z,,OTG,0.797,0.829,1,-3.771,1,0.0332,0.0333,0.651,0.0849,0.395,107.97,4
spotify:track:3NQinJIWliMnzomwtQzVNR,EDGE - Blanke Remix,EDGE (The Remixes),Rezz;Blanke,2024-06-21,165600,0,FALSE,312gz2r7n2lelghlsheflimsl64e,2026-01-31T02:54:47Z,"EDM,덥스텝,멜로딕 베이스,퓨처 베이스",mau5trap,0.641,0.979,2,-2.482,1,0.0587,0.00122,0.835,0.0973,0.226,100.018,4
spotify:track:5U0uFS6xvx7UCskac6yUF0,JUMP OUT,JUMP OUT,Excision;Juelz,2024-07-19,145714,43,FALSE,312gz2r7n2lelghlsheflimsl64e,2026-01-31T02:54:47Z,"덥스텝,리딤,데스스텝,EDM,덥,멜로딕 베이스,베이스 음악,edm 트랩,퓨처 베이스",Subsidia,0.516,0.979,11,-1.791,1,0.0682,0.0000607,0.0049,0.422,0.258,140.12,4
spotify:track:0iEHpYMOwwxmrj1d5VdwhU,Dizzy,Dizzy,VAMPA,2024-02-07,186947,34,TRUE,312gz2r7n2lelghlsheflimsl64e,2026-01-31T02:54:47Z,"덥스텝,리딤",Vampa Music,0.777,0.625,7,-4.322,0,0.0499,0.000264,0.736,0.0829,0.401,95.02,4
spotify:track:5eo1iLxmJK3D4SXdDxY0Xr,Torture,Torture,NGHTMRE;Franky Nuts;DeathbyRomy,2024-05-23,232000,29,FALSE,312gz2r7n2lelghlsheflimsl64e,2026-01-31T02:54:47Z,"덥스텝,EDM,edm 트랩,퓨처 베이스,리딤,베이스 음악,데스스텝",Gud Vibrations,0.333,0.817,9,-4.042,1,0.111,0.00416,0.0000238,0.474,0.16,149.818,4
spotify:track:2TN7EMZLoLuP1Lthtw10lx,When We Touch,Morphosia,Kai Wachi,2024-03-08,140824,43,FALSE,312gz2r7n2lelghlsheflimsl64e,2026-01-31T02:54:47Z,"덥스텝,데스스텝,리딤,멜로딕 베이스,EDM,베이스 음악",Kannibalen Records,0.648,0.863,10,0.056,0,0.0453,0.0122,0.0157,0.142,0.384,99.945,4
spotify:track:1LVQWik5SWl7Sqd9achOuX,Deadweight,Deadweight,JAWNS;Party Favor,2024-04-19,187200,27,TRUE,312gz2r7n2lelghlsheflimsl64e,2026-01-31T02:54:47Z,edm 트랩,Sable Valley Records,0.591,0.98,10,-4.022,0,0.0464,0.0013,0.92,0.313,0.0973,99.995,4
spotify:track:6QlR8SAaSGggSNwBv3SnUs,Gameplay,Gameplay,Spag Heddy,2024-05-31,235491,19,FALSE,312gz2r7n2lelghlsheflimsl64e,2026-01-31T02:54:47Z,"덥스텝,리딤,데스스텝,베이스 음악,드럼스텝,덥",Tomato Bass / Create Music Group,0.637,0.995,6,-1.972,0,0.453,0.026,0.715,0.118,0.229,149.568,4
spotify:track:5J4JSnjrqicsxHW9Epu7SW,Play the Game,Play the Game,Adventure Club;Bear Grillz;Craig Mabbitt,2024-07-12,192000,22,TRUE,312gz2r7n2lelghlsheflimsl64e,2026-01-31T02:54:47Z,"멜로딕 베이스,덥스텝,EDM,칠스텝,퓨처 베이스,리딤,데스스텝,덥,베이스 음악",Rude Service,0.546,0.956,2,-3.405,1,0.0542,0.00681,0.000228,0.152,0.443,140.059,4
spotify:track:4kxvbzdrOnxh5xadCD429G,i hate edm,i hate edm,Riot Ten,2024-04-05,107586,1,FALSE,312gz2r7n2lelghlsheflimsl64e,2026-01-31T02:54:47Z,"덥스텝,리딤,데스스텝,EDM","Thrive Music, LLC",0.768,0.856,8,-6.279,0,0.0551,0.00763,0.00167,0.207,0.466,145.046,4
spotify:track:5JJ0nZ7zlBbHIKMAhxH6Wb,HASH SLINGING SLASHER,SACRIFICE EP,GHENGAR;Ghastly,2024-05-01,134068,40,FALSE,312gz2r7n2lelghlsheflimsl64e,2026-01-31T02:54:47Z,"리딤,덥스텝,데스스텝,베이스 하우스,EDM",RATED M RECORDS,0.36,0.982,10,-2.644,0,0.363,0.00264,0.00128,0.888,0.404,138.213,4
spotify:track:10LJKB5IyEZX4uimdwOi6t,HERO,HERO,Adventure Club;Jessica Audiffred,2024-05-31,225600,41,TRUE,312gz2r7n2lelghlsheflimsl64e,2026-01-31T02:54:47Z,"멜로딕 베이스,덥스텝,EDM,칠스텝,퓨처 베이스,리딤,데스스텝",Bassrush Records,0.506,0.991,1,-1.188,0,0.0898,0.00017,0.288,0.377,0.0822,150.24,4
spotify:track:4nCW3tSl82LPbmrrwYpF4b,HAPPY SONG,HAPPY SONG,Ray Volpe,2023-05-26,227200,45,FALSE,312gz2r7n2lelghlsheflimsl64e,2026-01-31T02:54:47Z,"덥스텝,리딤,데스스텝,멜로딕 베이스,베이스 음악,EDM",Monstercat,0.57,0.96,6,-1.986,0,0.0656,0.00139,0.829,0.137,0.148,150.063,4
spotify:track:6oNpov9zgzZhAdNxyj0m5p,NITE VZN,NITE VZN,Dirty Audio;TRXGGX,2024-05-31,148800,17,FALSE,312gz2r7n2lelghlsheflimsl64e,2026-01-31T02:54:47Z,"멜버른 바운스,덥스텝,edm 트랩,베이스 음악",Dirty Audio,0.48,0.997,8,-0.708,1,0.0691,0.00385,0.865,0.272,0.31,149.973,4
spotify:track:0HC2VZhRBHFvpYe0T7IHxI,Teeth (feat. Bejalvin),Harbinger,SVDDEN DEATH;Bejalvin,2024-01-19,133587,33,FALSE,312gz2r7n2lelghlsheflimsl64e,2026-01-31T02:54:47Z,"리딤,덥스텝,데스스텝,베이스 음악,EDM,덥",VOYD Music,0.458,0.981,1,1.221,0,0.496,0.245,0.018,0.267,0.0982,139.92,4
spotify:track:2z0lSL8A8BOvQweRqcoXaJ,Quantum Queso,TESSERACT,Subtronics,2024-02-16,176571,44,TRUE,312gz2r7n2lelghlsheflimsl64e,2026-01-31T02:54:47Z,"리딤,덥스텝,EDM,데스스텝,베이스 음악,덥",Cyclops Recordings,0.761,0.878,5,-2.214,0,0.203,0.057,0.193,0.235,0.112,139.94,4
spotify:track:46ghb0YdtspAFUtmxtNgNo,FEEL IT,FEEL IT,ALLEYCVT,2024-09-05,184489,50,FALSE,312gz2r7n2lelghlsheflimsl64e,2026-01-31T02:54:47Z,"덥스텝,EDM,리딤",SUPERSONIC RECORDS,0.534,0.897,5,-4.199,0,0.038,0.00031,0.0884,0.11,0.223,144.979,4
spotify:track:78gdoEw0f0uIaOsS2F51lP,NIGHTHAWK,LSZEE,CloZee;LSDREAM,2024-09-27,186857,30,FALSE,312gz2r7n2lelghlsheflimsl64e,2026-01-31T02:54:47Z,"덥스텝,베이스 음악,EDM",Odyzey Music & Heartwave,0.742,0.785,10,-6.616,0,0.0388,0.0164,0.923,0.186,0.0716,140.03,4
spotify:track:3OPcGN44zYI7eg1OwHrSD0,Power (feat. Grabbitz),Power (feat. Grabbitz),Subtronics;LEVEL UP;Grabbitz,2024-09-27,176000,46,FALSE,312gz2r7n2lelghlsheflimsl64e,2026-01-31T02:54:47Z,"리딤,덥스텝,EDM,데스스텝,베이스 음악,덥",Cyclops Recordings,0.378,0.914,2,-1.468,1,0.193,0.00418,0.0171,0.133,0.111,148.816,4
spotify:track:3VxkYtmVCInFfhkbsaMg0B,DABADABADABADABA,DABADABADABADABA,Excision;Dion Timmer,2024-11-04,144535,40,TRUE,312gz2r7n2lelghlsheflimsl64e,2026-01-31T02:54:47Z,"덥스텝,리딤,데스스텝,EDM,덥,멜로딕 베이스,베이스 음악",Monstercat,0.555,0.971,2,-0.984,1,0.0536,0.00148,0.396,0.297,0.0679,140.072,4
spotify:track:64VyLST8MmGb2x5ilwNm2l,In The Place,In The Place,Space Laces,2023-12-08,230400,39,FALSE,312gz2r7n2lelghlsheflimsl64e,2026-01-31T02:54:47Z,"덥스텝,리딤,데스스텝,베이스 음악,베이스 하우스,EDM,덥",High Vaultage,0.294,0.996,11,-0.199,1,0.419,0.00435,0.375,0.135,0.132,148.305,4
spotify:track:0Kltu5cCMc2r82fnkeK49g,GATEKEEPER,GATEKEEPER,Deathpact,2024-11-15,266400,36,FALSE,312gz2r7n2lelghlsheflimsl64e,2026-01-31T02:54:47Z,"덥스텝,리딤,베이스 음악",Deathpact,0.229,0.878,10,-0.824,1,0.161,0.0116,0.0402,0.119,0.167,75.08,4
spotify:track:3tX4wGJbMYgNGZC0Tr5V3t,No One Does It Like,No One Does It Like,Subtronics;Alison Wonderland,2024-11-22,186400,45,FALSE,312gz2r7n2lelghlsheflimsl64e,2026-01-31T02:54:47Z,"리딤,덥스텝,EDM,데스스텝,베이스 음악,덥,edm 트랩,퓨처 베이스",Cyclops Recordings,0.519,0.782,1,-3.426,1,0.0531,0.00476,0.221,0.175,0.104,75.042,4
spotify:track:0mNNVje5ZPtiP8p5VOnteb,Sweet Memories,Sweet Memories,Zeds Dead,2024-11-15,235688,47,FALSE,312gz2r7n2lelghlsheflimsl64e,2026-01-31T02:54:47Z,"덥스텝,EDM",Deadbeats,0.473,0.624,8,-6.58,0,0.0608,0.0771,0.398,0.376,0.0442,83.471,4
spotify:track:2ez05kaHbFLyu70MMSNQpA,Bass In Yo Face,Bass In Yo Face,INZO,2023-10-26,187683,35,FALSE,312gz2r7n2lelghlsheflimsl64e,2026-01-31T02:54:47Z,퓨처 베이스,Lowly,0.72,0.743,2,-7.861,1,0.0816,0.00555,0.562,0.433,0.176,125.027,4
spotify:track:5MTVFDootgaqUVyUourtIf,Echo,Echo,YDG,2024-11-22,175448,37,FALSE,312gz2r7n2lelghlsheflimsl64e,2026-01-31T02:54:47Z,"덥스텝,리딤",HypnoVizion Records Inc.,0.63,0.923,10,-1.172,0,0.0438,0.0115,0.504,0.278,0.184,145.054,4
spotify:track:4XwweI2dzvYeTSX9IWgrlw,MALEVOLENT SHRINE,ADHD EP,GHENGAR;Ghastly,2024-12-13,203076,39,FALSE,312gz2r7n2lelghlsheflimsl64e,2026-01-31T02:54:47Z,"리딤,덥스텝,데스스텝,베이스 하우스,EDM",RATED M RECORDS,0.83,0.884,11,-4.858,1,0.257,0.00268,0.0411,0.598,0.0843,143.031,4
spotify:track:7mnbw6GQSg7I8IZgqKeBnu,Ear Candy,Ear Candy,Sully;PEEKABOO,2024-10-25,220036,38,FALSE,312gz2r7n2lelghlsheflimsl64e,2026-01-31T02:54:47Z,"덥스텝,베이스 음악,리딤",WAKAAN,0.834,0.669,9,-5.287,1,0.065,0.176,0.219,0.181,0.115,139.992,4
spotify:track:7H4LlyRX0YjXhJFLN5nIae,Alien Communication,TESSERACT,Subtronics,2024-02-16,303428,41,FALSE,312gz2r7n2lelghlsheflimsl64e,2026-01-31T02:54:47Z,"리딤,덥스텝,EDM,데스스텝,베이스 음악,덥",Cyclops Recordings,0.59,0.959,7,-1.407,0,0.168,0.0158,0.322,0.218,0.124,139.997,4
spotify:track:4UL3WQdaXTk9nAgDuoq7FF,DOG IN ME,Cipher Three,Deathpact,2024-06-22,141458,40,FALSE,312gz2r7n2lelghlsheflimsl64e,2026-01-31T02:54:47Z,"덥스텝,리딤,베이스 음악",Deathpact,0.654,0.99,2,-1.447,1,0.233,0.000481,0.0137,0.106,0.493,125.974,4
spotify:track:71nNz6rg3bQfQfYCW5bTuz,Bug Eater,Bug Eater,AHEE,2021-06-18,147200,43,FALSE,312gz2r7n2lelghlsheflimsl64e,2026-01-31T02:54:47Z,"덥스텝,베이스 음악,리딤",Sleeveless Records,0.687,0.809,1,-3.31,0,0.212,0.0201,0.000369,0.25,0.19,150.111,4
spotify:track:725iOiE8tnUX1aJXc7ktXp,REMEMBER ME,REMEMBER ME,Zingara;ALLEYCVT,2023-09-27,231724,45,FALSE,312gz2r7n2lelghlsheflimsl64e,2026-01-31T02:54:47Z,"덥스텝,베이스 음악,EDM,리딤",Zingara Music,0.619,0.954,11,-0.691,0,0.137,0.031,0.00041,0.243,0.243,144.904,4
spotify:track:5yKZg1KWvtvWBmHIoU9tzs,Y,Multiverse,INZO,2019-08-30,185333,42,FALSE,312gz2r7n2lelghlsheflimsl64e,2026-01-31T02:54:47Z,퓨처 베이스,Wakaan,0.74,0.92,8,-4.814,0,0.335,0.00671,0.555,0.236,0.384,180.019,4
spotify:track:6XQoXvZzIIOsUVobKDwPtg,Not Bees,High Vaultage EP,Space Laces;Watch,2022-02-18,204604,34,FALSE,312gz2r7n2lelghlsheflimsl64e,2026-01-31T02:54:47Z,"덥스텝,리딤,데스스텝,베이스 음악,베이스 하우스,EDM,덥",Never Say Die Records,0.752,0.859,1,-1.693,1,0.304,0.00463,0.733,0.304,0.585,125.038,4
spotify:track:7wGzMkPHfyxir6zUqspuKG,Hot Chicken,Hot Chicken,Champagne Drip,2019-04-26,140930,36,FALSE,312gz2r7n2lelghlsheflimsl64e,2026-01-31T02:54:47Z,"덥스텝,베이스 음악",Bassrush Records,0.503,0.799,0,-3.995,1,0.0975,0.000993,0.194,0.352,0.43,172.341,4
spotify:track:03wsvOuSWSo0HbHFBgY9li,The Uprising,The Uprising,REAPER;Kumarion,2022-06-22,197735,28,TRUE,312gz2r7n2lelghlsheflimsl64e,2026-01-31T02:54:47Z,"드럼 앤 베이스,드럼스텝,덥스텝",Jadu Dala,0.554,0.87,11,-4.089,0,0.148,0.00197,0.232,0.0833,0.179,84.731,4
spotify:track:2BtNKxwH22ym0YDPiqVeuM,BL00D,PAIN.EXE,Owl Vision,2020-10-31,101946,46,FALSE,312gz2r7n2lelghlsheflimsl64e,2026-01-31T02:54:47Z,신스웨이브,Comorbid Records,0.604,0.965,7,-2.812,1,0.0665,0.00077,0.802,0.0911,0.0469,113.015,4
spotify:track:4TEzkuluRLndctTdXFYulv,Orgasmic,Orgasmic,WonkyWilla,2022-02-20,133874,55,TRUE,312gz2r7n2lelghlsheflimsl64e,2026-01-31T02:54:47Z,"덥스텝,베이스 음악",3712495 Records DK,0.596,0.516,4,-3.222,1,0.474,0.00957,0.00945,0.0984,0.183,185.832,4
spotify:track:2K1Grx3at2GH9ErGX1o9NV,Whiplash,Whiplash,Crankdat;SOFI,2025-03-14,195114,56,FALSE,312gz2r7n2lelghlsheflimsl64e,2026-01-31T02:54:47Z,"덥스텝,리딤,EDM,데스스텝,베이스 하우스",CRANKDAT MUSIC,0.752,0.995,11,-1.273,1,0.0925,0.0276,0.0843,0.386,0.527,128.005,4
spotify:track:3AU0hykNQtcqOX4qpm1k6p,Itchy Scratchy,Itchy Scratchy,Subtronics,2025-08-08,192857,58,FALSE,312gz2r7n2lelghlsheflimsl64e,2026-01-31T02:54:47Z,"리딤,덥스텝,EDM,데스스텝,베이스 음악,덥",Cyclops Recordings,0.831,0.927,5,-2.625,0,0.289,0.112,0.00165,0.276,0.446,140.053,4
spotify:track:4GYrXiLtOGN7USbaBC8PRb,Destiny,RAVE NEW WORLD,Jessica Audiffred;AlienPark,2025-04-30,182400,34,FALSE,312gz2r7n2lelghlsheflimsl64e,2026-01-31T02:54:47Z,"덥스텝,리딤,데스스텝,멜로딕 베이스,베이스 음악",A Records (JA),0.457,0.989,2,0.678,1,0.449,0.000816,0.165,0.378,0.0569,150.025,4
spotify:track:6lTyaZydjTA8LyQmVTTBWJ,FURY,NEKROSIS,Kai Wachi,2025-06-13,211200,34,FALSE,312gz2r7n2lelghlsheflimsl64e,2026-01-31T02:54:47Z,"덥스텝,데스스텝,리딤,멜로딕 베이스,EDM,베이스 음악",Kannibalen Records,0.589,0.921,2,-1.651,1,0.0485,0.000832,0.717,0.231,0.0428,124.991,4
spotify:track:3v3nPGHz6blG4g06u1hcTi,Don't Let Me Go,Don't Let Me Go,FOVOS;ShortRound;Georgi,2023-04-26,167076,44,FALSE,312gz2r7n2lelghlsheflimsl64e,2026-01-31T02:54:47Z,"테크노,하드 테크노,빅 룸,멜버른 바운스,다크웨이브",Revealed Recordings,0.722,0.875,2,-4.005,1,0.0988,0.0236,0.687,0.481,0.169,129.955,3
spotify:track:3ACGEHYrvkK5lfWtLLoFoi,I Don't Remember,No Big Deal,Walker & Royce;VNSSA,2024-03-29,195100,41,FALSE,312gz2r7n2lelghlsheflimsl64e,2026-01-31T02:54:47Z,"테크 하우스,베이스 하우스,하우스",DIRTYBIRD,0.806,0.838,4,-5.304,1,0.172,0.0191,0.134,0.212,0.0382,128.013,4
spotify:track:48xIuXP8AN7dnan1Afsoqv,System Shock,System Shock,Subtronics;Hedex;IRAH,2025-02-28,136688,45,FALSE,312gz2r7n2lelghlsheflimsl64e,2026-01-31T02:54:47Z,"리딤,덥스텝,EDM,데스스텝,베이스 음악,덥,드럼 앤 베이스,베이스라인,정글,영국 개러지",Helix Records,0.438,0.947,1,-2.249,1,0.495,0.178,0.0000709,0.34,0.228,175.802,5
spotify:track:0b9wEAL5z4SzfAqU8U2c3m,Stratosphere,Fibonacci Pt 1: Oblivion,Subtronics,2025-04-04,174222,39,FALSE,312gz2r7n2lelghlsheflimsl64e,2026-01-31T02:54:47Z,"리딤,덥스텝,EDM,데스스텝,베이스 음악,덥",Cyclops Recordings,0.81,0.907,2,-2.162,1,0.0933,0.273,0.0473,0.714,0.116,135.058,4
spotify:track:08EWlv88mnvVcu4DNPqxds,Contorted,As The Pendulum Swings,Rezz,2025-09-12,199200,45,FALSE,312gz2r7n2lelghlsheflimsl64e,2026-01-31T02:54:47Z,"EDM,덥스텝",HypnoVizion Records Inc.,0.661,0.65,2,-6.932,1,0.0627,0.0118,0.692,0.108,0.0332,100.031,4
spotify:track:48xT2rv2N29qMS2mxkSELM,KICK BACK,KICK BACK,Typo,2023-09-01,190952,45,FALSE,312gz2r7n2lelghlsheflimsl64e,2026-01-31T02:54:47Z,베이스 하우스,Typo LLC,0.767,0.868,11,-4.135,1,0.0442,0.00136,0.7,0.095,0.273,126.008,4
spotify:track:1DdByft8QSr5sf8ZhdxcXE,Bombacid,Bombacid,T78;Roberto Molinaro,2024-10-25,204000,59,FALSE,312gz2r7n2lelghlsheflimsl64e,2026-01-31T02:54:47Z,"테크노,애시드 테크노,하드 테크노,하드텍,이탈리아 댄스",Autektone Records,0.529,0.963,7,-5.45,1,0.0769,0.0438,0.601,0.11,0.169,140.131,4
spotify:track:5UGLZK0JsRxPKBCcJJF49w,Dracula Flow,Dracula Flow,Mushroom Cloud,2024-01-19,225103,51,TRUE,312gz2r7n2lelghlsheflimsl64e,2026-01-31T02:54:47Z,"리딤,덥스텝",Mushroom Cloud Music,0.733,0.669,2,-3.884,1,0.459,0.103,0.222,0.223,0.131,72.268,4
spotify:track:3g8WmeSOar7RKuQEEfNhZo,Wubcraft,Wubcraft,AHEE,2025-02-07,155700,50,FALSE,312gz2r7n2lelghlsheflimsl64e,2026-01-31T02:54:47Z,"덥스텝,베이스 음악,리딤",Bassrush Records,0.664,0.781,1,-4.225,0,0.0334,0.0272,0.0368,0.117,0.402,150.026,4
spotify:track:3bYrD1uSwGiOCdVg8tUu3W,Fire Dub,Catharsis,Champagne Drip,2023-11-10,228000,34,FALSE,312gz2r7n2lelghlsheflimsl64e,2026-01-31T02:54:47Z,"덥스텝,베이스 음악",WAKAAN,0.633,0.998,2,-1.901,1,0.245,0.00029,0.216,0.589,0.0709,140.097,4
spotify:track:58NBDN9oDMisgSlQADVfVA,Hot,Break Up Song / Hot,Flozone,2025-09-26,157714,36,FALSE,312gz2r7n2lelghlsheflimsl64e,2026-01-31T02:54:47Z,"베이스 음악,덥스텝,리딤",Cyclops Recordings,0.659,0.865,11,-5.441,0,0.411,0.124,0.0000171,0.388,0.473,139.907,4
spotify:track:4u32faTMq5G8BihHG9rixP,FREAK NASTY - All The Reason Remix,FREAK NASTY (All The Reason Remix),Pretty Sweet;All The Reason,2025-11-05,156923,14,FALSE,312gz2r7n2lelghlsheflimsl64e,2026-01-31T02:54:47Z,"덥스텝,리딤,edm 트랩",Pretty Sweet,0.645,0.809,2,-4.322,1,0.0939,0.00207,0.00273,0.357,0.242,129.966,4
spotify:track:6aokhHIAbYBYWM6ZDeD8bP,Break Up Song,Break Up Song / Hot,Flozone,2025-09-26,181714,34,TRUE,312gz2r7n2lelghlsheflimsl64e,2026-01-31T02:54:47Z,"베이스 음악,덥스텝,리딤",Cyclops Recordings,0.614,0.977,0,-2.305,1,0.0892,0.103,0.00196,0.338,0.484,139.932,4
spotify:track:2mzCGYud0IBj8Z97iEKTgf,Untouchable,Untouchable,Cymek,2025-04-04,207360,36,FALSE,312gz2r7n2lelghlsheflimsl64e,2026-01-31T02:54:47Z,,Neuralis,0.622,0.842,8,-5.243,1,0.0382,0.0129,0.0606,0.217,0.154,125.11,4
spotify:track:6x3e5k1qoufVPL0qFEFtHO,Brainwashed,Portals,Black Tiger Sex Machine;Wodd,2023-10-27,291272,33,TRUE,312gz2r7n2lelghlsheflimsl64e,2026-01-31T02:54:47Z,"덥스텝,리딤,데스스텝,EDM,베이스 음악",Kannibalen Records,0.622,0.97,2,-1.029,1,0.0524,0.00572,0.0435,0.156,0.154,109.895,4
spotify:track:1vqda3uFhp5BWOZFMqtAJi,Back To Back,The Machine,RIOT,2025-08-01,251200,37,FALSE,312gz2r7n2lelghlsheflimsl64e,2026-01-31T02:54:47Z,"덥스텝,데스스텝,리딤",Gud Vibrations,0.572,0.998,9,0.269,1,0.344,0.00975,0.0151,0.461,0.168,150.031,4
spotify:track:2Y9VShrN7eDx8BXzDXI4fZ,Bang Your Head - Naeleck & KATFYR Remix,Gaming Music 2020,Fukkk Offf;Naeleck;KATFYR,2020-04-15,180923,40,FALSE,312gz2r7n2lelghlsheflimsl64e,2026-01-31T02:54:47Z,"일렉트로 하우스,신스웨이브,덥스텝",Den Haku Records,0.679,0.968,2,-1.79,1,0.0744,0.012,0.728,0.0529,0.211,130.02,4
spotify:track:6YsT7iK2yKRamjUI0Gt5Rh,Mind & Body,Mind & Body,Zingara,2022-03-15,155076,45,FALSE,312gz2r7n2lelghlsheflimsl64e,2026-01-31T02:54:47Z,"덥스텝,베이스 음악",Gravitas Recordings,0.75,0.895,6,-5.786,0,0.133,0.0312,0.338,0.483,0.251,130.033,4
spotify:track:3dGJRJA65RXfB8jleRtcP5,Blood Bank,Blood Bank,Dennett;High Zombie,2025-09-12,154285,25,FALSE,312gz2r7n2lelghlsheflimsl64e,2026-01-31T02:54:47Z,"리딤,덥스텝,데스스텝,베이스 음악",Boom Records LLC,0.608,0.929,2,-2.429,1,0.0555,0.0204,0.0987,0.24,0.103,139.969,4
spotify:track:2Tl5fhF4itz5VeXHRVGIO5,Unholy (feat. Kim Petras) - Disclosure Remix,Unholy (feat. Kim Petras) [Disclosure Remix],Sam Smith;Kim Petras;Disclosure,2022-10-14,234411,47,FALSE,312gz2r7n2lelghlsheflimsl64e,2026-01-31T02:57:34Z,"소프트 팝,하우스",Capitol Records UK / EMI,0.734,0.766,1,-6.702,1,0.0514,0.0032,0.00973,0.323,0.186,127.99,4
spotify:track:6OTClxme7EYRZGO6An3SMc,Griztronics,Bangers[2].Zip,GRiZ;Subtronics,2019-08-14,198400,57,TRUE,312gz2r7n2lelghlsheflimsl64e,2026-01-31T02:57:34Z,"덥스텝,EDM,리딤,데스스텝,베이스 음악,덥",Deadbeats,0.607,0.941,11,-3.807,0,0.481,0.037,0.0137,0.321,0.521,75.401,4
spotify:track:1nkpXkr1Qacmp2BPd6mgct,Deja Reve,Deja Reve,GG Magree,2022-03-21,168073,40,FALSE,312gz2r7n2lelghlsheflimsl64e,2026-01-31T02:57:34Z,"덥스텝,퓨처 베이스",Monstercat,0.611,0.618,9,-6.573,0,0.0655,0.0029,0.000757,0.24,0.515,99.999,4
spotify:track:6BePGk3eCan4FqaW2X8Qy3,10:35,10:35,Tiësto;Tate McRae,2022-11-03,172252,72,FALSE,312gz2r7n2lelghlsheflimsl64e,2026-01-31T02:57:34Z,"EDM,트랜스,빅 룸,하우스",Atlantic Records,0.696,0.793,8,-5.733,1,0.097,0.0683,0.00000378,0.18,0.698,120.003,4
spotify:track:1NuhAA7NeNwrWcsBh9z8R8,Mercy,Mercy,Jauz;Masked Wolf,2022-08-05,190400,43,TRUE,312gz2r7n2lelghlsheflimsl64e,2026-01-31T03:01:19Z,"베이스 하우스,EDM,퓨처 하우스,덥스텝,일렉트로 하우스",Spinnin' Records,0.69,0.982,9,-2.837,1,0.0651,0.0051,0.00000654,0.101,0.877,150.032,4
spotify:track:3IWkjBkiR4pHOkaHV52OMl,Dimension,Dimension,Excision,2022-03-16,159162,32,FALSE,312gz2r7n2lelghlsheflimsl64e,2026-01-31T03:01:45Z,"덥스텝,리딤,데스스텝,EDM,덥,멜로딕 베이스,베이스 음악",Subsidia,0.398,0.928,2,-1.203,1,0.436,0.00261,0.348,0.31,0.227,149.855,4
spotify:track:4JHL5XOuByjoHSt5bcVk0u,Do It To It - Subtronics Remix,Do It To It (Subtronics Remix),ACRAZE;Subtronics;Cherish,2022-04-15,147310,2,FALSE,312gz2r7n2lelghlsheflimsl64e,2026-01-31T03:02:20Z,"테크 하우스,리딤,덥스텝,EDM,데스스텝,베이스 음악,덥",Thrive Music,0.706,0.926,9,-1.549,1,0.206,0.0442,0.00375,0.0658,0.543,72.474,4
spotify:track:6VU8WmsSE0Iz49V8BJNR2v,The Other Side,The Other Side,LEVEL UP,2026-01-27,181241,48,FALSE,312gz2r7n2lelghlsheflimsl64e,2026-02-07T10:16:09Z,"덥스텝,리딤,데스스텝,EDM",Summoning Circle,0.54,0.958,10,-1.916,1,0.0711,0.123,0.11,0.4,0.263,144.998,4
spotify:track:1pSVHYdn6KP0ZNqD6hqtV9,Set Me Free,Set Me Free,Viperactive,2024-02-15,211846,32,FALSE,312gz2r7n2lelghlsheflimsl64e,2026-02-07T11:32:37Z,"덥스텝,리딤,베이스 음악,edm 트랩,데스스텝",Viperactive Records,0.655,0.978,2,-2.038,0,0.0384,0.0037,0.278,0.11,0.279,130.009,4
spotify:track:4W2mMZrIdCu8wmHB9Eq2ER,Bad Intentions,Bad Intentions,EMSKI;Shamblez,2025-07-25,166875,36,FALSE,312gz2r7n2lelghlsheflimsl64e,2026-02-09T11:43:47Z,베이스 하우스,mau5trap,0.886,0.557,2,-6.375,1,0.216,0.0221,0.134,0.486,0.21,127.993,4
spotify:track:1m3p9ZYHehrplKkbd0qWSk,Obsession,Fate,Dustycloud,2020-10-30,144761,39,FALSE,312gz2r7n2lelghlsheflimsl64e,2026-02-09T13:16:31Z,"베이스 하우스,G 하우스,퓨처 하우스",Insomniac Records,0.699,0.863,9,-5.765,1,0.05,0.00354,0.865,0.75,0.583,126.036,4
spotify:track:0sjzUaSUldnZGsK3AyDouj,The Action (WonkyWilla Remix),The Action (WonkyWilla Remix),AHEE;WonkyWilla,2024-09-13,172023,51,FALSE,312gz2r7n2lelghlsheflimsl64e,2026-02-15T06:18:15Z,"덥스텝,베이스 음악,리딤",Jadu Dala,0.734,0.499,1,-5.371,1,0.0699,0.0154,0.0128,0.0792,0.52,86.5,4